Rk,,Age,Tm,G,PA,Rbat,Rbaser,Rdp,Rfield,Rpos,RAA,WAA,Rrep,RAR,WAR â–¾,waaWL%,162WL%,oWAR,dWAR,oRAR,Salary,Acquired,Pos Summary
1,Mike Trout,21,LAA,157,716,68,6,1,-9,-0,65,7.0,24,89,9.2,.543,.541,10.0,-0.9,98,$510000,Amateur Draft,*87/D
2,Josh Donaldson,27,OAK,158,668,37,0,-1,12,3,51,5.7,24,75,8.0,.534,.533,6.5,1.7,63,$492500,Traded,*5/D36
3,Robinson Cano*,30,NYY,160,681,37,1,0,6,3,47,5.3,24,72,7.6,.531,.531,6.8,1.2,66,$15000000,Amateur Free Agent,*4/D6
4,Miguel Cabrera,30,DET,148,652,65,-1,-2,-18,2,47,5.1,23,69,7.2,.532,.530,8.9,-1.5,87,$21000000,Traded,*5/D
5,Manny Machado,20,BAL,156,710,0,-2,0,35,3,36,4.3,24,60,6.5,.526,.525,2.5,4.3,25,$495000,Amateur Draft,*5
6,Dustin Pedroia,29,BOS,160,724,18,2,-2,15,4,36,4.2,24,60,6.5,.524,.524,4.7,2.2,45,$10000000,Amateur Draft,*4
7,Chris Davis*,27,BAL,160,673,51,0,2,-7,-10,36,4.1,24,60,6.3,.524,.523,6.9,-1.6,67,$3300000,Traded,*3/D
8,Evan Longoria,27,TBR,160,693,25,-3,-1,12,1,35,4.0,24,59,6.3,.523,.523,4.8,1.6,47,$6000000,Amateur Draft,*5D
9,Shane Victorino#,32,BOS,122,532,14,4,2,23,-4,38,4.4,19,57,6.2,.534,.526,3.5,2.2,34,$13000000,Free Agency,*98
10,Jason Kipnis*,26,CLE,149,658,27,2,1,-1,4,32,3.7,23,55,5.9,.523,.521,5.8,0.4,56,$509400,Amateur Draft,*4/D
11,Jacoby Ellsbury*,29,BOS,134,636,8,9,0,13,3,33,3.8,20,54,5.8,.527,.522,4.2,1.9,41,$9000000,Amateur Draft,*8
12,Adrian Beltre,34,TEX,161,690,31,2,-1,-5,1,27,3.2,25,52,5.5,.518,.518,5.9,-0.2,57,$16000000,Free Agency,*5D
13,Joe Mauer*,30,MIN,113,508,26,-1,1,6,2,34,3.8,17,51,5.4,.531,.522,4.6,0.9,45,$23000000,Amateur Draft,2D/3
14,Ben Zobrist#,32,TBR,157,698,11,2,1,8,2,24,2.8,24,48,5.1,.516,.516,4.1,1.2,40,$5500000,Traded,*496/7D8
15,Ian Kinsler,31,TEX,136,614,10,2,0,11,2,26,3.0,21,46,4.9,.520,.517,3.6,1.5,35,$13000000,Amateur Draft,*4D
16,Colby Rasmus*,26,TOR,118,458,14,1,1,11,2,29,3.3,16,45,4.8,.526,.519,3.5,1.5,34,$4675000,Traded,*8/D
17,Jason Castro*,26,HOU,120,491,17,1,-0,2,5,24,2.8,18,42,4.5,.522,.516,4.1,0.8,40,$496600,Amateur Draft,2D
18,David Ortiz*,37,BOS,137,600,39,-2,-2,-1,-13,21,2.5,21,42,4.4,.516,.514,4.4,-1.3,43,$14000000,Free Agency,*D/3
19,Adam Jones,27,BAL,160,689,12,2,2,-2,3,16,2.0,24,41,4.4,.511,.511,4.4,0.3,43,$8500000,Traded,*8/D
20,Carlos Santana#,27,CLE,154,642,31,-0,0,-12,-1,18,2.2,23,41,4.4,.512,.512,5.5,-1.2,53,$550000,Traded,2D3
21,Coco Crisp#,33,OAK,131,584,12,1,0,6,0,20,2.4,20,40,4.3,.517,.513,3.5,0.8,34,$7000000,Free Agency,*8D
22,Elvis Andrus,24,TEX,156,698,-12,10,0,11,7,16,2.0,24,40,4.3,.511,.511,2.9,2.0,29,$4800000,Traded,*6D
23,Brett Gardner*,29,NYY,145,609,5,4,0,6,3,18,2.2,22,40,4.2,.513,.512,3.4,1.1,34,$2850000,Amateur Draft,*8/D
24,Alex Gordon*,29,KCR,156,700,2,3,0,16,-6,15,1.9,24,39,4.2,.511,.510,2.3,1.2,23,$9000000,Amateur Draft,*7
25,Salvador Perez,23,KCR,138,526,3,-1,-1,11,8,20,2.3,19,39,4.1,.515,.513,2.8,2.2,28,$1000000,Amateur Free Agent,*2/3
26,Jose Bautista,32,TOR,118,528,22,-0,-0,4,-5,21,2.4,18,39,4.1,.519,.514,3.6,-0.0,35,$14000000,Traded,*9/D53
27,Mike Napoli,31,BOS,139,578,18,-0,-2,10,-8,17,2.1,21,38,4.1,.513,.511,2.9,0.3,28,$13000000,Free Agency,*3/D
28,Edwin Encarnacion,30,TOR,142,621,34,1,-2,-7,-10,16,2.0,22,38,4.0,.512,.511,4.6,-1.6,45,$8000000,Traded,3D5
29,Yan Gomes,25,CLE,88,322,12,0,-2,11,5,26,2.9,12,37,4.0,.531,.517,2.7,1.8,26,,Traded,2/D3
30,Kyle Seager*,25,SEA,160,695,16,1,1,-8,3,12,1.5,24,36,3.9,.508,.508,4.6,-0.4,44,$510400,Amateur Draft,*5
31,Brian Dozier,26,MIN,147,623,1,1,-1,9,4,13,1.7,22,35,3.8,.510,.509,2.7,1.5,26,$497500,Amateur Draft,*4
32,Nick Swisher#,32,CLE,145,634,15,1,-1,7,-9,13,1.7,22,35,3.8,.510,.509,2.9,-0.1,28,$11000000,Free Agency,*39D
33,J.J. Hardy,30,BAL,159,644,-2,-2,-1,8,8,11,1.4,23,34,3.7,.507,.507,2.6,1.9,26,$7000000,Traded,*6
34,Craig Gentry,29,TEX,106,287,6,5,1,12,-0,23,2.6,10,34,3.6,.524,.516,2.2,1.4,22,$501000,Amateur Draft,87/D
35,Eric Hosmer*,23,KCR,159,680,16,-1,-0,3,-9,9,1.3,24,34,3.6,.506,.506,3.1,-0.5,31,$528250,Amateur Draft,*3/D9
36,Austin Jackson,26,DET,129,614,5,1,0,3,3,12,1.6,20,32,3.4,.510,.508,2.9,0.7,29,$3500000,Traded,*8
37,Leonys Martin*,25,TEX,147,508,-7,5,2,13,1,14,1.7,18,32,3.4,.510,.509,1.9,1.7,19,$3250000,Amateur Free Agent,*89/7D
38,Howie Kendrick,29,LAA,122,513,14,-1,0,-3,3,13,1.6,18,31,3.3,.511,.509,3.5,0.1,34,$8750000,Amateur Draft,*4/D7
39,Jhonny Peralta,31,DET,107,448,11,-0,-0,0,5,15,1.8,16,31,3.3,.515,.510,3.2,0.7,31,$6000000,Traded,6/7
40,Yunel Escobar,30,TBR,153,578,-0,-0,-1,4,8,10,1.3,21,31,3.3,.507,.507,2.7,1.4,27,$5000000,Traded,*6
41,Lorenzo Cain,27,KCR,115,442,-12,1,0,24,1,14,1.7,16,30,3.2,.513,.509,0.4,2.8,5,$503175,Traded,*89/D
42,Stephen Drew*,30,BOS,124,501,6,0,1,-2,6,11,1.4,18,29,3.1,.510,.507,3.2,0.6,31,$9500000,Free Agency,*6
43,Desmond Jennings,26,TBR,139,602,9,1,0,-6,3,7,1.0,21,28,3.0,.505,.504,3.5,-0.2,34,$501800,Amateur Draft,*8/D
44,Jarrod Saltalamacchia#,28,BOS,121,470,9,-0,0,-6,7,10,1.3,17,27,2.9,.509,.507,3.4,0.2,33,$4500000,Traded,*2/D
45,Daniel Nava#,30,BOS,134,536,21,-0,-0,-6,-7,8,1.0,19,27,2.9,.506,.505,3.4,-1.3,33,$505500,Free Agency,*973/D8
46,David Lough*,27,KCR,96,335,-0,2,0,15,-4,13,1.6,12,25,2.7,.515,.509,1.0,1.3,10,,Amateur Draft,97/8
47,Kendrys Morales#,30,SEA,156,657,19,-2,-1,-2,-13,2,0.4,24,25,2.7,.501,.501,2.7,-1.5,27,$5250000,Traded,*D3
48,Michael Brantley*,26,CLE,151,611,3,3,0,2,-6,3,0.6,22,25,2.7,.502,.502,2.3,-0.3,23,$526900,Traded,*7/8
49,James Loney*,29,TBR,158,598,10,1,-2,4,-8,4,0.6,21,25,2.7,.502,.502,2.1,-0.3,21,$2000000,Free Agency,*3/D
50,Alexei Ramirez,31,CHW,158,674,-11,3,-0,1,8,0,0.3,24,24,2.6,.500,.500,2.3,1.1,23,$7000000,Amateur Free Agent,*6
51,Josh Reddick*,26,OAK,114,441,-4,3,1,13,-5,8,1.0,16,24,2.6,.508,.505,1.0,1.0,11,$510000,Traded,*9/D
52,Jose Reyes#,30,TOR,93,419,7,1,1,-4,5,10,1.2,14,24,2.5,.511,.506,2.9,0.2,28,$10000000,Traded,6
53,Michael Bourn*,30,CLE,130,575,-7,2,3,3,3,3,0.5,20,23,2.4,.502,.502,2.0,0.7,20,$7000000,Free Agency,*8/D
54,Omar Infante,31,DET,118,476,7,-1,1,-5,3,5,0.8,17,22,2.4,.505,.504,2.8,-0.1,27,$4000000,Amateur Free Agent,*4
55,Brett Lawrie,23,TOR,107,442,-2,2,1,3,2,5,0.8,16,21,2.3,.505,.504,1.8,0.6,18,$500000,Traded,5/4
56,Jed Lowrie#,29,OAK,154,662,14,-0,-0,-21,6,-2,0.0,23,21,2.3,.498,.498,4.3,-1.5,42,$2400000,Traded,*64D
57,Nick Franklin#,22,SEA,102,412,-3,2,2,3,2,6,0.9,15,21,2.3,.507,.504,1.8,0.7,18,,Amateur Draft,4/6D
58,Matt Dominguez,23,HOU,152,589,-9,-1,-2,8,3,-1,0.2,21,20,2.2,.500,.500,1.2,1.3,13,$491800,Traded,*5/D
59,Mark Trumbo,27,LAA,159,678,8,-2,-1,1,-10,-4,-0.1,24,20,2.2,.497,.497,1.9,-0.8,19,$540000,Amateur Draft,*39D/75
60,Brandon Moss*,29,OAK,145,505,25,-2,1,-14,-8,2,0.4,18,20,2.2,.502,.501,3.5,-2.2,34,$1600000,Free Agency,*39/7D58
61,Eric Sogard*,27,OAK,130,410,-2,-1,1,4,3,5,0.7,15,20,2.2,.504,.504,1.6,0.9,16,$495000,Traded,*46/D
62,Ryan Raburn,32,CLE,87,277,18,-1,-1,-2,-4,10,1.2,10,20,2.1,.512,.507,2.3,-0.6,22,$1000000,Free Agency,9D7/41
63,Pedro Florimon#,26,MIN,134,446,-18,2,1,12,6,3,0.6,16,19,2.1,.503,.502,0.7,2.1,7,$495000,Waivers,*6
64,Torii Hunter,37,DET,144,652,11,1,2,-10,-6,-2,0.0,22,20,2.1,.498,.498,3.0,-1.5,29,$12000000,Free Agency,*9
65,Alex Rios,32,2TM,156,662,0,8,-2,-5,-6,-5,-0.2,24,19,2.0,.497,.497,2.4,-1.1,24,$12500000,Traded,9/8
66,Nelson Cruz,32,TEX,109,456,12,0,-2,-3,-5,2,0.4,16,19,2.0,.502,.502,2.2,-0.8,22,$10500000,Traded,9/D
67,Brad Miller*,23,SEA,76,335,3,1,2,-3,4,7,0.9,12,19,2.0,.510,.505,2.2,0.2,22,,Amateur Draft,64/5
68,Wil Myers,22,TBR,88,373,11,0,1,-3,-4,5,0.7,13,19,2.0,.506,.503,2.2,-0.7,22,,Traded,9D/8
69,Chris Iannetta,30,LAA,115,399,7,-2,-1,-7,7,4,0.6,14,18,1.9,.503,.502,2.6,0.1,25,$5050000,Traded,*2
70,Jose Iglesias,23,2TM,109,382,-1,1,1,-1,4,4,0.6,14,18,1.9,.504,.502,1.9,0.4,19,$2060000,Traded,6/5D
71,Trevor Plouffe,27,MIN,129,522,-2,0,-0,0,1,-1,0.1,19,18,1.9,.499,.499,1.8,0.2,18,$520000,Amateur Draft,*5/D3
72,Adam Lind*,29,TOR,143,521,20,-2,-2,-7,-10,-1,0.1,19,18,1.9,.499,.499,2.5,-1.7,24,$5000000,Amateur Draft,3D
73,Justin Morneau*,32,MIN,127,543,2,-1,-0,4,-8,-2,-0.0,19,17,1.8,.498,.499,1.3,-0.3,13,,Amateur Draft,*3D
74,Derek Norris,24,OAK,98,308,6,2,-0,-6,5,6,0.7,11,17,1.8,.506,.504,2.4,-0.0,23,$492500,Traded,2/D3
75,Jarrod Dyson*,28,KCR,87,239,-5,5,1,6,1,8,0.9,9,16,1.8,.510,.505,1.0,0.8,10,$506000,Amateur Draft,8D
76,Rajai Davis,32,TOR,108,360,-5,6,1,6,-4,3,0.5,13,16,1.8,.503,.502,1.0,0.3,10,$2500000,Traded,798/D
77,Yoenis Cespedes,27,OAK,135,574,3,-1,0,0,-6,-5,-0.3,21,16,1.7,.496,.497,1.6,-0.5,16,$8500000,Amateur Free Agent,7D8
78,Erick Aybar#,29,LAA,138,589,-7,1,1,-7,7,-5,-0.3,21,16,1.7,.496,.497,2.3,0.1,23,$8500000,Amateur Free Agent,*6
79,Prince Fielder*,29,DET,162,712,18,-3,-1,-13,-10,-9,-0.7,25,16,1.7,.494,.494,2.9,-2.3,29,$23000000,Free Agency,*3D
80,Brandon Barnes,27,HOU,136,445,-9,-1,1,7,2,-0,0.1,16,16,1.7,.500,.500,0.8,1.0,9,$491700,Amateur Draft,*89/7
81,Nate McLouth*,31,BAL,146,593,-3,3,0,0,-6,-6,-0.4,21,15,1.6,.495,.496,1.5,-0.5,15,$2000000,Free Agency,*7/8D
82,Alfonso Soriano,37,NYY,58,243,7,0,1,1,-3,6,0.7,9,15,1.6,.511,.504,1.4,-0.1,14,$18000000,Purchased,7/D
83,A.J. Pierzynski*,36,TEX,134,529,-4,-3,-1,-3,7,-4,-0.2,19,15,1.6,.497,.497,1.8,0.5,18,$7500000,Free Agency,*2D
84,Billy Butler,27,KCR,162,668,13,-4,-3,0,-15,-10,-0.8,24,14,1.5,.493,.493,1.4,-1.5,14,$8000000,Amateur Draft,*D/3
85,Josh Hamilton*,32,LAA,151,636,3,1,-0,-5,-8,-9,-0.7,23,14,1.5,.494,.494,1.9,-1.2,19,$17000000,Free Agency,9D7/8
86,Albert Pujols,33,LAA,99,443,10,-2,-2,1,-8,-1,0.0,15,14,1.5,.498,.499,1.2,-0.7,13,$16000000,Free Agency,D3
87,Geovany Soto,30,TEX,54,184,4,-2,-0,2,3,7,0.8,7,13,1.4,.513,.504,1.2,0.6,11,$2750000,Traded,2/5
88,Ichiro Suzuki*,39,NYY,150,555,-18,4,4,9,-6,-6,-0.5,20,13,1.4,.495,.496,0.3,0.5,4,$6500000,Traded,*98/7D
89,Jose Lobaton#,28,TBR,100,311,2,-1,-0,-4,5,2,0.3,11,13,1.4,.502,.501,1.8,0.2,17,$496500,Waivers,2/D
90,Ryan Goins*,25,TOR,34,121,-4,-1,1,12,1,8,1.0,4,13,1.4,.527,.506,0.0,1.5,1,,Amateur Draft,4/6
91,Lonnie Chisenhall*,24,CLE,94,308,-1,1,-1,1,1,2,0.3,11,13,1.4,.502,.501,1.2,0.3,12,$492900,Amateur Draft,5/D
92,Michael Saunders*,26,SEA,132,468,5,1,2,-11,-1,-4,-0.3,17,12,1.3,.496,.497,2.4,-1.1,23,$512600,Amateur Draft,*897/D
93,Kelly Johnson*,31,TBR,118,407,-1,-1,1,2,-3,-2,-0.1,15,12,1.3,.498,.498,1.0,-0.0,10,$2450000,Free Agency,74D5/3
94,Mike Carp*,27,BOS,86,243,11,0,-0,-4,-4,3,0.4,9,12,1.3,.504,.502,1.6,-0.8,16,$508500,Purchased,73/D9
95,Munenori Kawasaki*,32,TOR,96,289,-7,1,2,3,3,2,0.3,10,12,1.3,.502,.501,0.9,0.7,9,,Free Agency,64D
96,Emilio Bonifacio#,28,2TM,136,461,-18,3,2,7,2,-4,-0.3,17,12,1.3,.496,.497,0.4,1.1,5,$2600000,Purchased,4/58
97,Victor Martinez#,34,DET,159,668,6,-4,-3,2,-14,-13,-1.1,24,11,1.2,.491,.492,0.8,-1.1,9,$13000000,Free Agency,*D3/2
98,Jonny Gomes,32,BOS,116,366,3,-0,-1,0,-4,-2,-0.1,13,11,1.2,.498,.499,1.1,-0.4,11,$5000000,Free Agency,7D/9
99,Matthew Joyce*,28,TBR,140,481,5,1,0,-5,-7,-6,-0.5,17,11,1.2,.495,.496,1.6,-1.2,16,$2450000,Traded,*79D
100,Asdrubal Cabrera#,27,CLE,136,562,1,-2,1,-16,6,-9,-0.8,20,11,1.2,.493,.494,2.7,-0.9,27,$6500000,Traded,*6/D
101,Curtis Granderson*,32,NYY,61,245,-1,1,1,3,-2,2,0.3,9,11,1.1,.503,.501,0.8,0.2,8,$15000000,Traded,8D97
102,John Jaso*,29,OAK,70,249,7,-0,-1,-6,1,1,0.2,9,10,1.1,.502,.501,1.7,-0.4,16,$1800000,Traded,2D/3
103,Andy Dirks*,27,DET,131,484,-10,-1,1,8,-5,-7,-0.6,17,10,1.1,.494,.495,0.1,0.4,2,$505000,Amateur Draft,*79/8D
104,Dustin Ackley*,25,SEA,113,427,-4,1,2,-5,1,-5,-0.4,15,10,1.1,.495,.497,1.5,-0.3,15,$1500000,Amateur Draft,487/3D
105,Hank Conger#,25,LAA,92,255,-1,-2,-0,0,4,1,0.2,9,10,1.1,.501,.501,1.0,0.5,10,$495000,Amateur Draft,2/D
106,Justin Smoak#,26,SEA,131,521,11,-3,-1,-8,-7,-9,-0.7,19,10,1.1,.493,.494,1.8,-1.5,18,$514000,Traded,*3/D
107,Jose Altuve,23,HOU,152,672,-12,0,-2,-3,3,-13,-1.2,23,10,1.0,.491,.491,1.2,0.1,13,$505700,Amateur Free Agent,*4/D
108,Ryan Flaherty*,26,BAL,85,271,-7,0,2,3,2,-0,0.1,10,9,1.0,.500,.500,0.6,0.6,6,$493500,Rule 5 Draft,4/653D
109,Elliot Johnson#,29,KCR,79,173,-15,4,0,12,1,2,0.3,6,8,0.9,.503,.502,-0.4,1.5,-4,$520500,Traded,4/6D597
110,Ramon Santiago#,33,DET,80,234,-9,-1,0,7,3,0,0.1,8,8,0.9,.500,.500,0.1,1.1,1,$2100000,Amateur Free Agent,456
111,J.B. Shuck*,26,LAA,129,478,-3,1,-0,-1,-6,-9,-0.8,17,8,0.9,.493,.494,0.9,-0.6,9,,Free Agency,7D/9
112,Gordon Beckham,26,CHW,103,408,-7,1,-0,-3,3,-7,-0.6,15,8,0.8,.493,.495,1.1,0.1,11,$2925000,Amateur Draft,4/6
113,Francisco Cervelli,27,NYY,17,61,4,-0,0,1,1,6,0.6,2,8,0.8,.535,.504,0.7,0.2,7,$515350,Amateur Free Agent,2/4
114,Collin Cowgill,27,LAA,50,99,-1,1,1,5,-2,4,0.5,4,8,0.8,.509,.503,0.3,0.4,3,,Traded,79/8D
115,Jayson Nix,30,NYY,87,303,-10,1,-0,2,3,-4,-0.3,11,7,0.8,.496,.498,0.5,0.6,5,$900000,Free Agency,65/4
116,Peter Bourjos,26,LAA,55,196,-0,1,-1,-1,1,-0,0.1,7,7,0.7,.500,.500,0.8,0.1,8,,Amateur Draft,8
117,Alex Avila*,26,DET,102,379,-6,-3,-0,-4,6,-7,-0.6,14,7,0.7,.493,.495,1.0,0.3,11,$2950000,Amateur Draft--no sign,2
118,Aaron Hicks#,23,MIN,81,313,-12,2,2,2,2,-4,-0.3,11,7,0.7,.494,.497,0.4,0.5,5,$490000,Amateur Draft,8
119,Jeff Baker,32,TEX,74,175,9,-1,-1,-4,-3,0,0.1,6,7,0.7,.501,.500,1.1,-0.7,11,$1750000,Free Agency,37D5/49
120,Josmil Pinto,24,MIN,21,83,6,-0,-0,-3,1,4,0.4,3,7,0.7,.519,.502,1.0,-0.2,10,,Amateur Free Agent,2/D
121,Moises Sierra,24,TOR,35,122,4,-0,0,-1,-2,2,0.3,4,6,0.7,.507,.501,0.8,-0.3,7,,Amateur Free Agent,9/D7
122,Danny Valencia,28,BAL,52,170,7,-2,-1,0,-4,0,0.1,6,7,0.7,.501,.500,0.7,-0.4,7,,Purchased,D/5
123,Brian Roberts#,35,BAL,77,296,-3,-0,-1,0,0,-4,-0.3,11,6,0.7,.494,.497,0.6,0.1,7,$10000000,Amateur Draft,4D
124,Stephen Vogt*,28,OAK,47,148,-2,-0,0,1,2,1,0.2,5,6,0.7,.503,.501,0.5,0.4,6,,Conditional Deal,2/D
125,David Ross,36,BOS,36,116,-2,-0,-1,3,2,2,0.3,4,6,0.7,.506,.501,0.3,0.6,3,$3100000,Free Agency,2
126,Marcus Semien,22,CHW,21,71,-1,-1,-0,5,1,3,0.4,3,6,0.6,.517,.502,0.1,0.6,1,,Amateur Draft--no sign,5/46
127,Drew Stubbs,28,CLE,146,481,-4,3,2,-9,-4,-11,-1.0,17,6,0.6,.492,.493,1.5,-1.2,15,$2825000,Traded,*98/D
128,Ryan Doumit#,32,MIN,135,538,-1,-0,-0,-9,-3,-13,-1.2,19,6,0.6,.489,.491,1.5,-1.2,15,$3500000,Free Agency,D29/7
129,Mitch Moreland*,27,TEX,147,518,-4,-1,-1,1,-8,-13,-1.2,19,6,0.6,.491,.491,0.4,-0.6,5,$502700,Amateur Draft,*3/9
130,Matt Tuiasosopo,27,DET,81,191,5,-2,0,-2,-3,-1,-0.1,7,6,0.6,.498,.499,0.8,-0.4,8,$525000,Free Agency,73/5D
131,Doug Bernier,33,MIN,33,64,-2,0,-0,4,1,3,0.4,2,6,0.6,.510,.502,0.1,0.6,1,,Free Agency,6/54D
132,Kole Calhoun*,25,LAA,58,222,6,0,-0,-6,-2,-2,-0.2,8,5,0.6,.495,.498,1.2,-0.8,11,$491000,Amateur Draft,9/3
133,Mike Aviles,32,CLE,124,394,-9,1,1,-4,3,-9,-0.8,14,5,0.6,.493,.494,0.9,0.0,9,$2250000,Traded,564/D79
134,Justin Maxwell,29,2TM,75,262,3,0,-1,-5,-2,-4,-0.3,9,5,0.6,.494,.499,1.0,-0.6,10,$492500,Traded,9/8D
135,George Kottaras*,30,KCR,46,126,-1,0,0,-1,2,1,0.1,5,5,0.6,.502,.500,0.6,0.2,6,$1000000,Waivers,2
136,Chris Parmelee*,25,MIN,101,333,-7,-2,1,6,-4,-7,-0.6,12,5,0.6,.493,.496,-0.2,0.3,-1,$497500,Amateur Draft,93/8
137,Steve Pearce,30,BAL,44,138,3,-0,0,0,-3,0,0.1,5,5,0.5,.500,.500,0.5,-0.3,5,$700000,Purchased,D7/39
138,Miguel Tejada,39,KCR,53,167,-1,-1,-1,1,1,-1,-0.0,6,5,0.5,.498,.499,0.4,0.3,4,$1100000,Free Agency,45/3D
139,Alexi Casilla#,28,BAL,62,125,-6,1,1,4,1,0,0.1,4,5,0.5,.501,.500,0.1,0.6,1,$1700000,Waivers,4/D6
140,Marwin Gonzalez#,24,HOU,72,222,-9,0,1,2,3,-3,-0.2,8,5,0.5,.496,.498,0.3,0.6,3,$494400,Traded,64/5D
141,Quintin Berry*,28,BOS,13,9,3,1,0,1,-0,4,0.5,0,5,0.5,.536,.503,0.4,0.1,4,,Traded,/798D
142,Carlos Corporan#,29,HOU,64,210,-5,-1,-1,1,3,-3,-0.2,8,5,0.5,.495,.498,0.3,0.5,4,$495000,Free Agency,2/D3
143,Seth Smith*,30,OAK,117,410,0,-1,-1,-1,-8,-10,-0.9,15,5,0.5,.491,.493,0.5,-0.8,6,$3675000,Traded,D7/9
144,Chris Carter,26,HOU,148,585,6,-2,-1,-9,-10,-16,-1.5,21,5,0.5,.488,.489,1.3,-1.9,14,$494000,Traded,37D/9
145,Sean Rodriguez,28,TBR,96,222,0,-1,-0,2,-4,-3,-0.3,8,5,0.5,.496,.498,0.2,-0.1,3,$1000000,Traded,73/964D
146,Matt Carson,31,CLE,20,13,4,1,0,0,-0,4,0.4,0,4,0.5,.521,.503,0.5,-0.0,4,,Free Agency,9/7D
147,Eric Fryer,27,MIN,6,16,2,0,-0,1,0,4,0.4,1,4,0.5,.566,.502,0.3,0.1,3,,Free Agency,/2D
148,Jason Bay,34,SEA,68,236,0,-0,-1,-1,-3,-4,-0.4,8,4,0.4,.493,.497,0.5,-0.3,5,$1000000,Free Agency,79/D8
149,Andrew Romine#,27,LAA,47,123,-3,1,0,1,1,-0,0.0,4,4,0.4,.500,.500,0.3,0.3,3,$492500,Amateur Draft,56/4D
150,Kurt Suzuki,29,OAK,15,35,3,-0,0,0,1,3,0.3,1,4,0.4,.521,.502,0.4,0.1,4,$6450000,Amateur Draft,2
151,Matt Wieters#,27,BAL,148,579,-12,-1,1,-13,9,-16,-1.5,21,4,0.4,.488,.489,1.7,-0.3,17,$5500000,Amateur Draft,*2/D
152,Humberto Quintero,33,SEA,22,72,-3,0,-0,3,1,1,0.2,3,4,0.4,.507,.501,0.1,0.5,1,,Free Agency,2
153,Luis Jimenez,25,LAA,34,110,-3,-2,-0,4,0,-0,0.0,4,4,0.4,.500,.500,-0.1,0.5,-0,,Amateur Free Agent,5/3D6
154,Daric Barton*,27,OAK,37,120,2,0,0,-1,-2,-1,-0.0,4,4,0.4,.498,.500,0.5,-0.2,5,$1100000,Traded,3
155,Eduardo Escobar#,24,MIN,66,179,-4,0,1,-2,2,-3,-0.2,6,4,0.4,.495,.498,0.5,0.1,6,$520000,Traded,65/4D7
156,Franklin Gutierrez,30,SEA,41,151,4,1,0,-6,-0,-2,-0.2,5,3,0.4,.495,.499,1.0,-0.6,9,$7000000,Traded,98
157,Raul Ibanez*,41,SEA,124,496,13,-1,-1,-19,-6,-14,-1.3,18,3,0.4,.488,.491,2.3,-2.6,22,$2750000,Amateur Draft,7D/9
158,Brendan Ryan,31,2TM,104,349,-20,1,-1,6,5,-9,-0.8,12,4,0.4,.491,.494,-0.4,1.3,-2,$3250000,Traded,6/D
159,Conor Gillaspie*,25,CHW,134,452,-10,1,1,-5,1,-13,-1.2,16,4,0.4,.490,.492,0.8,-0.3,9,$490500,Traded,*53/D
160,Xander Bogaerts,20,BOS,18,50,1,1,-0,-1,1,1,0.2,2,3,0.3,.508,.501,0.4,-0.0,4,,Amateur Free Agent,/56
161,Brayan Pena#,31,DET,71,243,-3,-3,-0,-3,4,-6,-0.5,9,3,0.3,.491,.496,0.6,0.2,6,$875000,Free Agency,2/3
162,Luke Scott*,35,TBR,91,291,1,-1,0,-1,-6,-7,-0.7,10,3,0.3,.491,.495,0.4,-0.7,4,$2750000,Free Agency,D/73
163,Alberto Callaspo#,30,2TM,136,516,-1,-4,2,-14,2,-16,-1.5,18,3,0.3,.488,.494,1.7,-1.2,17,$4100000,Traded,4/5D
164,Robbie Grossman#,23,HOU,63,288,-1,-0,0,-4,-1,-7,-0.6,10,3,0.3,.489,.496,0.7,-0.5,7,,Traded,78/9D
165,Bryan Holaday,25,DET,16,33,2,-0,0,-1,1,2,0.2,1,3,0.3,.511,.501,0.4,-0.0,4,,Amateur Draft,2/D
166,Chris Dickerson*,31,BAL,56,109,-3,2,0,3,-3,-1,-0.1,4,3,0.3,.498,.499,-0.1,0.0,-0,,Free Agency,D7/98
167,Josh Willingham,34,MIN,111,471,3,-3,-1,-8,-6,-14,-1.3,17,3,0.3,.486,.491,1.0,-1.4,11,$7000000,Free Agency,7D
168,Alex Rodriguez,37,NYY,44,181,3,-2,-1,-3,-1,-4,-0.3,6,3,0.3,.491,.497,0.6,-0.4,6,$28000000,Traded,5D
169,Delmon Young,27,TBR,23,70,2,-0,0,0,-2,0,0.0,3,2,0.3,.500,.500,0.2,-0.2,3,,Free Agency,D/9
170,Alcides Escobar,26,KCR,158,642,-39,7,-0,4,8,-20,-1.9,23,3,0.3,.486,.486,-0.3,1.4,-1,$3000000,Traded,*6
171,Adam Rosales,30,2TM,68,166,-6,1,0,0,2,-3,-0.3,6,3,0.2,.494,.498,0.2,0.3,3,$700000,Waivers,/3D645
172,Abraham Almonte#,24,SEA,25,82,-1,1,1,-2,-0,-1,-0.1,3,2,0.2,.497,.499,0.4,-0.2,4,,Traded,8/97D
173,Hector Gimenez#,30,CHW,26,80,-4,-0,0,2,1,-1,-0.0,3,2,0.2,.497,.500,-0.0,0.4,0,$493000,Free Agency,2
174,Ryan Lavarnway,25,BOS,25,82,0,-0,-0,-1,1,-1,-0.1,3,2,0.2,.497,.500,0.3,0.0,3,,Amateur Draft,2/D
175,Mike Zunino,22,SEA,52,193,-3,1,-0,-5,3,-5,-0.4,7,2,0.2,.490,.497,0.7,-0.2,7,,Amateur Draft,2
176,David Murphy*,31,TEX,142,476,-13,-3,-0,7,-6,-15,-1.4,17,2,0.2,.488,.490,-0.7,0.2,-5,$5775000,Traded,*7D/19
177,Chris Stewart,31,NYY,109,340,-17,-0,-0,1,6,-10,-1.0,12,2,0.2,.490,.493,-0.0,0.9,1,$515100,Free Agency,2/3
178,Lyle Overbay*,36,NYY,142,486,-7,-2,-2,3,-7,-16,-1.5,17,2,0.2,.488,.489,-0.3,-0.3,-1,$1250000,Free Agency,*3/9D
179,Luis Cruz,29,NYY,16,59,-6,0,-0,5,0,-1,-0.1,2,2,0.2,.496,.500,-0.4,0.6,-3,,Free Agency,5/6
180,Jordan Danks*,26,CHW,79,179,-3,0,-0,-1,-0,-5,-0.5,6,1,0.2,.493,.497,0.2,-0.1,2,,Amateur Draft--no sign,89/D7
181,Avisail Garcia,22,2TM,72,256,-2,-1,-1,-3,-1,-8,-0.7,9,1,0.1,.488,.497,0.4,-0.4,4,$490000,Amateur Free Agent,8/97
182,C.J. Wilson*,32,LAA,33,11,-0,0,0,0,2,1,0.2,0,2,0.2,.504,.501,0.2,0.1,2,$11000000,Free Agency,1
183,Bud Norris,28,2TM,32,7,0,-0,0,0,1,1,0.1,0,2,0.1,.504,.500,0.1,0.0,1,$3000000,Amateur Draft,1
184,J.P. Arencibia,27,TOR,138,497,-24,-2,0,2,8,-16,-1.6,18,2,0.1,.487,.489,-0.2,1.2,-0,$505600,Amateur Draft,*2/D
185,Joey Butler,27,TEX,8,15,1,-0,0,0,-0,1,0.1,1,1,0.1,.509,.500,0.1,-0.0,1,,Amateur Draft,/7D9
186,R.A. Dickey,38,TOR,34,6,0,0,0,0,1,1,0.1,0,1,0.1,.504,.501,0.1,0.1,1,$5000000,Traded,1
187,Doug Fister*,29,DET,33,7,0,-0,0,0,1,1,0.1,0,2,0.1,.504,.501,0.1,0.1,1,$4000000,Traded,1
188,Yamaico Navarro,25,BAL,8,31,-1,0,-0,1,0,0,0.0,1,1,0.1,.502,.500,0.0,0.1,0,,Traded,/4
189,Ryan Roberts,32,TBR,60,173,-3,-1,-0,-2,1,-5,-0.5,6,1,0.1,.491,.497,0.3,-0.1,3,$2950000,Traded,4/53D
190,Lucas Harrell#,28,HOU,37,6,0,-0,0,0,1,1,0.1,0,1,0.1,.503,.501,0.1,0.1,1,$500700,Waivers,1
191,Anthony Gose*,22,TOR,52,153,-4,-0,0,0,-0,-4,-0.4,5,1,0.1,.491,.497,0.1,0.0,1,,Traded,87/9D
192,Efren Navarro*,27,LAA,4,6,0,0,0,0,-0,1,0.1,0,1,0.1,.522,.501,0.1,-0.0,1,,Amateur Draft,/3
193,Clete Thomas*,29,MIN,92,322,-12,-1,0,3,-1,-10,-1.0,12,1,0.1,.488,.493,-0.3,0.3,-2,,Waivers,879/D
194,Dayan Viciedo,24,CHW,124,473,-5,1,-0,-5,-6,-16,-1.5,17,1,0.1,.486,.489,0.5,-1.0,6,$2800000,Amateur Free Agent,*7D
195,Chris Getz*,29,KCR,78,237,-14,1,-0,5,1,-7,-0.7,8,1,0.1,.490,.495,-0.5,0.7,-4,$1050000,Traded,4/D
196,Jurickson Profar#,20,TEX,85,324,-7,-2,1,-3,-0,-10,-1.0,12,1,0.1,.487,.493,0.3,-0.3,4,,Amateur Free Agent,4D65/7
197,Luis Mendoza,29,KCR,22,5,0,-0,0,0,1,1,0.1,0,1,0.1,.504,.501,0.1,0.0,1,$532000,Purchased,1
198,Adam Moore,29,KCR,5,11,0,0,0,0,0,0,0.1,0,1,0.1,.512,.500,0.1,0.0,1,,Waivers,/2
199,Jim Adduci*,28,TEX,17,34,-1,1,0,0,-1,-0,-0.0,1,1,0.1,.498,.500,0.1,-0.1,1,,Free Agency,/73D
200,Melky Mesa,26,NYY,5,14,1,-1,0,0,-0,0,0.0,0,1,0.1,.506,.500,0.1,-0.0,1,,Amateur Free Agent,/789
201,Max Scherzer,28,DET,32,3,0,-0,0,0,1,1,0.1,0,1,0.1,.502,.500,0.1,0.1,1,$6725000,Traded,1
202,Dylan Axelrod,27,CHW,30,2,0,0,0,0,0,1,0.1,0,1,0.1,.502,.500,0.1,0.1,1,$493000,Free Agency,1
203,Tim Beckham,23,TBR,5,8,0,0,0,0,0,0,0.0,0,1,0.1,.507,.500,0.1,0.0,1,,Amateur Draft,/46
204,Scott Diamond*,26,MIN,24,7,-0,-0,0,0,1,1,0.1,0,1,0.1,.503,.500,0.1,0.0,1,$530000,Rule 5 Draft,1
205,Jose Ramirez#,20,CLE,15,14,1,-1,0,0,0,0,0.0,0,1,0.1,.502,.500,0.1,0.0,1,,Amateur Free Agent,/45D6
206,Wilkin Ramirez,27,MIN,35,87,-2,-0,0,0,-0,-2,-0.2,3,1,0.1,.492,.498,0.0,-0.0,1,$490000,Free Agency,/897
207,Jeremy Hellickson,26,TBR,32,3,-0,-0,0,0,1,0,0.1,0,1,0.1,.502,.500,0.1,0.1,1,$503000,Amateur Draft,1
208,Derek Holland#,26,TEX,33,8,-1,-0,0,0,1,0,0.1,0,1,0.1,.502,.500,0.1,0.1,1,$3200000,Amateur Draft,1
209,Rick Porcello,24,DET,32,3,-0,-0,0,0,1,1,0.1,0,1,0.1,.502,.500,0.1,0.1,1,$5100000,Amateur Draft,1
210,Ezequiel Carrera*,26,CLE,2,5,1,-0,-0,0,-0,0,0.0,0,0,0.1,.514,.500,0.1,0.0,0,,Traded,/9
211,Bruce Chen*,36,KCR,34,2,0,-0,0,0,0,0,0.1,0,1,0.1,.502,.500,0.1,0.1,1,$4500000,Free Agency,1
212,Brett Hayes,29,KCR,5,18,1,-0,0,-1,0,-0,-0.0,1,0,0.1,.496,.500,0.1,-0.1,1,$600000,Waivers,/2
213,Justin Masterson,28,CLE,32,2,0,-0,0,0,0,0,0.1,0,0,0.1,.502,.500,0.1,0.1,1,$5687500,Traded,1
214,Jose Molina,38,TBR,99,313,-13,0,-1,-2,5,-11,-1.0,11,1,0.1,.488,.493,0.2,0.5,3,$1500000,Free Agency,2/D
215,Cody Allen,24,CLE,77,0,0,0,0,0,0,0,0.0,0,0,0.0,.501,.500,0.0,0.1,0,$492600,Amateur Draft--no sign,1
216,Jose Alvarez*,24,DET,14,2,0,0,0,0,0,0,0.0,0,0,0.0,.503,.500,0.0,0.0,0,,Free Agency,1
217,Jared Burton,32,MIN,71,0,0,0,0,0,0,0,0.0,0,0,0.0,.501,.500,0.0,0.1,0,$2000000,Free Agency,1
218,Ryan Cook,26,OAK,71,0,0,0,0,0,0,0,0.0,0,0,0.0,.501,.500,0.0,0.1,0,$505000,Traded,1
219,Dane De La Rosa,30,LAA,75,0,0,0,0,0,0,0,0.0,0,0,0.0,.501,.500,0.0,0.1,0,,Traded,1
220,Sean Doolittle*,26,OAK,70,0,0,0,0,0,0,0,0.0,0,0,0.0,.501,.500,0.0,0.1,0,$492500,Amateur Draft,1
221,Brian Duensing*,30,MIN,73,0,0,0,0,0,0,0,0.0,0,0,0.0,.501,.500,0.0,0.1,0,$1300000,Amateur Draft,1
222,Casey Fien,29,MIN,73,0,0,0,0,0,0,0,0.0,0,0,0.0,.501,.500,0.0,0.1,0,$500000,Free Agency,1
223,Charlie Furbush*,27,SEA,71,0,0,0,0,0,0,0,0.0,0,0,0.0,.501,.500,0.0,0.1,0,$504500,Traded,1
224,Miguel Gonzalez,29,BAL,30,4,-0,-0,-0,0,1,0,0.0,0,0,0.0,.501,.500,0.0,0.1,0,$502000,Free Agency,1
225,Jim Johnson,30,BAL,74,0,0,0,0,0,0,0,0.0,0,0,0.0,.501,.500,0.0,0.1,0,$6500000,Amateur Draft,1
226,Nate Jones,27,CHW,70,0,0,0,0,0,0,0,0.0,0,0,0.0,.501,.500,0.0,0.1,0,$507500,Amateur Draft,1
227,Ryan Langerhans*,33,TOR,4,13,-0,0,0,0,-0,-0,0.0,0,0,0.0,.497,.500,0.0,-0.0,0,,Free Agency,/3
228,Matt Lindstrom,33,CHW,76,0,0,0,0,0,0,0,0.0,0,0,0.0,.501,.500,0.0,0.1,0,$2300000,Free Agency,1
229,Jake McGee*,26,TBR,71,0,0,0,0,0,0,0,0.0,0,0,0.0,.501,.500,0.0,0.1,0,$506200,Amateur Draft,1
230,James Paxton*,24,SEA,4,2,0,-0,0,0,0,0,0.0,0,0,0.0,.509,.500,0.0,0.0,0,,Amateur Draft,/1
231,Carlos Peguero*,26,SEA,2,7,1,0,0,-1,-0,0,0.0,0,0,0.0,.506,.500,0.1,-0.1,1,,Amateur Free Agent,/9
232,Joel Peralta,37,TBR,80,0,0,0,0,0,0,0,0.0,0,0,0.0,.501,.500,0.0,0.1,0,$3000000,Free Agency,1
233,David Robertson,28,NYY,70,0,0,0,0,0,0,0,0.0,0,0,0.0,.501,.500,0.0,0.1,0,$3100000,Amateur Draft,1
234,Tanner Scheppers,26,TEX,76,0,0,0,0,0,0,0,0.0,0,0,0.0,.501,.500,0.0,0.1,0,$493600,Amateur Draft,1
235,Bryan Shaw#,25,CLE,70,0,0,0,0,0,0,0,0.0,0,0,0.0,.501,.500,0.0,0.1,0,$501700,Traded,1
236,James Shields,31,KCR,34,3,-0,-0,0,0,1,0,0.0,0,0,0.0,.501,.500,0.0,0.1,1,$9000000,Traded,1
237,Joe Smith,29,CLE,70,0,0,0,0,0,0,0,0.0,0,0,0.0,.501,.500,0.0,0.1,0,$3150000,Traded,1
238,Dan Straily,24,OAK,27,3,-0,0,0,0,1,0,0.0,0,0,0.0,.501,.500,0.0,0.1,0,$492500,Amateur Draft,1
239,Junichi Tazawa,27,BOS,71,0,0,0,0,0,0,0,0.0,0,0,0.0,.501,.500,0.0,0.1,0,$815000,Free Agency,1
240,Koji Uehara,38,BOS,73,0,0,0,0,0,0,0,0.0,0,0,0.0,.501,.500,0.0,0.1,0,$4250000,Free Agency,1
241,Jonathan Villar#,22,HOU,58,241,-6,-0,-0,-5,3,-8,-0.8,9,0,0.0,.485,.494,0.5,-0.2,5,,Traded,6
242,Matt Albers*,30,CLE,56,0,0,0,0,0,0,0,0.0,0,0,0.0,.501,.500,0.0,0.1,0,$1750000,Traded,1
243,Al Alburquerque,27,DET,53,0,0,0,0,0,0,0,0.0,0,0,0.0,.501,.500,0.0,0.1,0,$500000,Free Agency,1
244,Hector Ambriz*,29,HOU,43,0,0,0,0,0,0,0,0.0,0,0,0.0,.501,.500,0.0,0.1,0,$493400,Free Agency,1
245,Grant Balfour,35,OAK,65,0,0,0,0,0,0,0,0.0,0,0,0.0,.501,.500,0.0,0.1,0,$4500000,Free Agency,1
246,Joaquin Benoit,35,DET,66,0,0,0,0,0,0,0,0.0,0,0,0.0,.501,.500,0.0,0.1,0,$5500000,Free Agency,1
247,Craig Breslow*,32,BOS,61,0,0,0,0,0,0,0,0.0,0,0,0.0,.501,.500,0.0,0.1,0,$2325000,Free Agency,1
248,Carter Capps,22,SEA,53,0,0,0,0,0,0,0,0.0,0,0,0.0,.501,.500,0.0,0.1,0,$491700,Amateur Draft,1
249,Brett Cecil,26,TOR,60,0,0,0,0,0,0,0,0.0,0,0,0.0,.501,.500,0.0,0.1,0,$510000,Amateur Draft,1
250,Michael Choice,23,OAK,9,19,0,-0,0,0,-0,-0,-0.0,1,0,0.0,.496,.500,0.0,-0.0,0,,Amateur Draft,/98D7
251,Tim Collins*,23,KCR,66,0,0,0,0,0,0,0,0.0,0,0,0.0,.501,.500,0.0,0.1,0,$534500,Traded,1
252,Neal Cotts*,33,TEX,58,0,0,0,0,0,0,0,0.0,0,0,0.0,.501,.500,0.0,0.1,0,,Free Agency,1
253,Aaron Crow,26,KCR,57,0,0,0,0,0,0,0,0.0,0,0,0.0,.501,.500,0.0,0.1,0,$1280000,Amateur Draft,1
254,Steve Delabar,29,TOR,55,0,0,0,0,0,0,0,0.0,0,0,0.0,.501,.500,0.0,0.1,0,$498900,Traded,1
255,Scott Downs*,37,LAA,43,0,0,0,0,0,0,0,0.0,0,0,0.0,.501,.500,0.0,0.1,0,,Free Agency,1
256,Jason Frasor,35,TEX,61,0,0,0,0,0,0,0,0.0,0,0,0.0,.501,.500,0.0,0.1,0,$1500000,Free Agency,1
257,Ernesto Frieri,27,LAA,67,0,0,0,0,0,0,0,0.0,0,0,0.0,.501,.500,0.0,0.1,0,,Traded,1
258,Kelvin Herrera,23,KCR,59,0,0,0,0,0,0,0,0.0,0,0,0.0,.501,.500,0.0,0.1,0,$508175,Amateur Free Agent,1
259,John Hester,29,LAA,1,1,0,0,0,0,-0,0,0.0,0,0,0.0,.529,.500,0.0,0.0,0,$495000,Free Agency,/2D
260,Rich Hill*,33,CLE,63,0,0,0,0,0,0,0,0.0,0,0,0.0,.501,.500,0.0,0.1,0,$1000000,Free Agency,1
261,Luke Hochevar,29,KCR,58,0,0,0,0,0,0,0,0.0,0,0,0.0,.501,.500,0.0,0.1,0,$4560000,Amateur Draft,1
262,L.J. Hoes,23,2TM,47,184,-2,3,0,-5,-2,-6,-0.6,7,1,0.0,.486,.497,0.5,-0.7,5,,Traded,9/87D
263,Greg Holland,27,KCR,68,0,0,0,0,0,0,0,0.0,0,0,0.0,.501,.500,0.0,0.1,0,$539500,Amateur Draft,1
264,Tommy Hunter,26,BAL,68,0,0,0,0,0,0,0,0.0,0,0,0.0,.501,.500,0.0,0.1,0,$1820000,Traded,1
265,Casey Janssen,31,TOR,56,0,0,0,0,0,0,0,0.0,0,0,0.0,.501,.500,0.0,0.1,0,$3900000,Amateur Draft,1
266,Ubaldo Jimenez,29,CLE,32,5,-1,0,0,0,1,0,0.0,0,0,0.0,.501,.500,0.0,0.1,0,$5750000,Traded,1
267,Josh Johnson*,29,TOR,16,2,0,-0,0,0,0,0,0.0,0,0,0.0,.502,.500,0.0,0.0,0,$13750000,Traded,1
268,Shawn Kelley,29,NYY,57,0,0,0,0,0,0,0,0.0,0,0,0.0,.501,.500,0.0,0.1,0,$935000,Traded,1
269,Corey Kluber,27,CLE,26,3,-0,-0,0,0,1,0,0.0,0,0,0.0,.501,.500,0.0,0.0,0,$491800,Traded,1
270,Michael Kohn,27,LAA,63,0,0,0,0,0,0,0,0.0,0,0,0.0,.501,.500,0.0,0.1,0,,Amateur Draft,1
271,Boone Logan,28,NYY,61,0,0,0,0,0,0,0,0.0,0,0,0.0,.501,.500,0.0,0.1,0,$3150000,Traded,1
272,Aaron Loup*,25,TOR,64,0,0,0,0,0,0,0,0.0,0,0,0.0,.501,.500,0.0,0.1,0,$494200,Amateur Draft,1
273,Lou Marson,27,CLE,3,5,-0,-0,0,0,0,0,0.0,0,0,0.0,.505,.500,0.0,0.0,0,$1000000,Traded,/2
274,Brian Matusz*,26,BAL,65,0,0,0,0,0,0,0,0.0,0,0,0.0,.501,.500,0.0,0.1,0,$1600000,Amateur Draft,1
275,Yoervis Medina,24,SEA,63,0,0,0,0,0,0,0,0.0,0,0,0.0,.501,.500,0.0,0.1,0,,Amateur Free Agent,1
276,Tommy Milone*,26,OAK,28,8,-1,-0,-0,0,1,0,0.0,0,0,0.0,.501,.500,0.0,0.0,0,$495000,Traded,1
277,Joe Nathan,38,TEX,67,0,0,0,0,0,0,0,0.0,0,0,0.0,.501,.500,0.0,0.1,0,$7000000,Free Agency,1
278,Darren Oliver,42,TOR,50,0,0,0,0,0,0,0,0.0,0,0,0.0,.501,.500,0.0,0.1,0,$3000000,Free Agency,1
279,Chris Perez,27,CLE,54,0,0,0,0,0,0,0,0.0,0,0,0.0,.501,.500,0.0,0.1,0,$7300000,Traded,1
280,Oliver Perez*,31,SEA,61,0,0,0,0,0,0,0,0.0,0,0,0.0,.501,.500,0.0,0.1,0,$1500000,Free Agency,1
281,Glen Perkins*,30,MIN,61,0,0,0,0,0,0,0,0.0,0,0,0.0,.501,.500,0.0,0.1,0,$2500000,Amateur Draft,1
282,Shane Peterson*,25,OAK,2,8,-1,-0,0,1,-0,0,0.0,0,0,0.0,.498,.500,-0.1,0.1,-1,,Traded,/3
283,Todd Redmond,28,TOR,17,4,-0,0,0,0,1,0,0.0,0,0,0.0,.502,.500,0.0,0.0,0,$490000,Waivers,1
284,Addison Reed*,24,CHW,68,0,0,0,0,0,0,0,0.0,0,0,0.0,.501,.500,0.0,0.1,0,$520000,Amateur Draft,1
285,Mariano Rivera,43,NYY,64,0,0,0,0,0,0,0,0.0,0,0,0.0,.501,.500,0.0,0.1,0,$10000000,Amateur Free Agent,1
286,Fernando Rodney,36,TBR,68,0,0,0,0,0,0,0,0.0,0,0,0.0,.501,.500,0.0,0.1,0,$2500000,Free Agency,1
287,Robbie Ross*,24,TEX,65,0,0,0,0,0,0,0,0.0,0,0,0.0,.501,.500,0.0,0.1,0,$497400,Amateur Draft,1
288,Ervin Santana,30,KCR,32,4,-0,0,0,0,1,0,0.0,0,0,0.0,.501,.500,0.0,0.1,0,$13000000,Traded,1
289,Drew Smyly*,24,DET,63,0,0,0,0,0,0,0,0.0,0,0,0.0,.501,.500,0.0,0.1,0,$498000,Amateur Draft,1
290,Donnie Veal*,28,CHW,50,0,0,0,0,0,0,0,0.0,0,0,0.0,.501,.500,0.0,0.1,0,$497500,Free Agency,1
291,Jose Veras,32,2TM,67,0,0,0,0,0,0,0,0.0,0,0,0.0,.501,.500,0.0,0.1,0,$1850000,Free Agency,1
292,Tom Wilhelmsen,29,SEA,59,0,0,0,0,0,0,0,0.0,0,0,0.0,.501,.500,0.0,0.1,0,$509100,Free Agency,1
293,Jamey Wright,38,TBR,66,0,0,0,0,0,0,0,0.0,0,0,0.0,.501,.500,0.0,0.1,0,$900000,Free Agency,1
294,Andrew Bailey,29,BOS,30,0,0,0,0,0,0,0,0.0,0,0,0.0,.501,.500,0.0,0.1,0,$4100000,Traded,1
295,Travis Blackley*,30,2TM,46,0,0,0,0,0,0,0,0.0,0,0,0.0,.501,.500,0.0,0.1,0,$550000,Traded,/1
296,Jerry Blevins*,29,OAK,67,1,-0,0,0,0,0,0,0.0,0,0,0.0,.500,.500,0.0,0.1,0,$1100000,Traded,1
297,Joba Chamberlain,27,NYY,45,0,0,0,0,0,0,0,0.0,0,0,0.0,.501,.500,0.0,0.1,0,$1875000,Amateur Draft,1
298,Preston Claiborne,25,NYY,44,0,0,0,0,0,0,0,0.0,0,0,0.0,.501,.500,0.0,0.1,0,,Amateur Draft,1
299,Paul Clemens,25,HOU,35,0,0,0,0,0,0,0,0.0,0,0,0.0,.501,.500,0.0,0.1,0,,Traded,1
300,Phil Coke*,30,DET,49,0,0,0,0,0,0,0,0.0,0,0,0.0,.501,.500,0.0,0.1,0,$1850000,Traded,1
301,Louis Coleman,27,KCR,27,0,0,0,0,0,0,0,0.0,0,0,0.0,.501,.500,0.0,0.1,0,,Amateur Draft,1
302,Jesse Crain,31,CHW,38,0,0,0,0,0,0,0,0.0,0,0,0.0,.501,.500,0.0,0.1,0,,Free Agency,1
303,Ryan Dempster,36,BOS,32,0,0,0,0,0,0,0,0.0,0,0,0.0,.501,.500,0.0,0.1,0,$13250000,Free Agency,1
304,Darin Downs,28,DET,29,0,0,0,0,0,0,0,0.0,0,0,0.0,.501,.500,0.0,0.1,0,$494000,Free Agency,1
305,Irving Falu#,30,KCR,1,4,-0,0,0,0,0,0,0.0,0,0,0.0,.500,.500,0.0,0.0,0,$492025,Amateur Draft,/5
306,Kyle Farnsworth,37,TBR,39,0,0,0,0,0,0,0,0.0,0,0,0.0,.501,.500,0.0,0.1,0,$1250000,Free Agency,1
307,Danny Farquhar,26,SEA,46,0,0,0,0,0,0,0,0.0,0,0,0.0,.501,.500,0.0,0.1,0,,Traded,1
308,Josh Fields,27,HOU,42,0,0,0,0,0,0,0,0.0,0,0,0.0,.501,.500,0.0,0.1,0,$490000,Rule 5 Draft,1
309,Jeremy Guthrie,34,KCR,33,5,-1,-0,0,0,1,0,0.0,0,0,0.0,.501,.500,0.0,0.1,0,$5000000,Traded,1
310,Nick Hagadone*,27,CLE,36,0,0,0,0,0,0,0,0.0,0,0,0.0,.501,.500,0.0,0.1,0,$492100,Traded,1
311,Kevin Jepsen,28,LAA,45,0,0,0,0,0,0,0,0.0,0,0,0.0,.501,.500,0.0,0.1,0,$1181000,Amateur Draft,1
312,Scott Kazmir*,29,CLE,29,4,-0,0,-0,0,1,0,0.0,0,0,0.0,.501,.500,0.0,0.1,0,,Free Agency,1
313,Lucas Luetge*,26,SEA,35,0,0,0,0,0,0,0,0.0,0,0,0.0,.501,.500,0.0,0.1,0,$495500,Rule 5 Draft,1
314,T.J. McFarland*,24,BAL,38,0,0,0,0,0,0,0,0.0,0,0,0.0,.501,.500,0.0,0.1,0,$490000,Rule 5 Draft,1
315,Andrew Miller*,28,BOS,37,0,0,0,0,0,0,0,0.0,0,0,0.0,.501,.500,0.0,0.1,0,$1475000,Traded,1
316,Pat Neshek#,32,OAK,45,0,0,0,0,0,0,0,0.0,0,0,0.0,.501,.500,0.0,0.1,0,$975000,Purchased,1
317,Darren O'Day,30,BAL,68,1,-0,0,0,0,0,0,0.0,0,0,0.0,.500,.500,0.0,0.1,0,$2200000,Waivers,1
318,Joe Ortiz*,22,TEX,32,0,0,0,0,0,0,0,0.0,0,0,0.0,.501,.500,0.0,0.1,0,,Amateur Free Agent,1
319,Dan Otero,28,OAK,33,0,0,0,0,0,0,0,0.0,0,0,0.0,.501,.500,0.0,0.1,0,,Waivers,1
320,Troy Patton#,27,BAL,56,1,-0,0,0,0,0,0,0.0,0,0,0.0,.500,.500,0.0,0.1,0,$815000,Traded,1
321,Brad Peacock,25,HOU,18,1,0,0,0,0,0,0,0.0,0,0,0.0,.501,.500,0.0,0.0,0,$490000,Traded,1
322,Martin Perez*,22,TEX,20,5,-1,0,0,0,1,0,0.0,0,0,0.0,.501,.500,0.0,0.0,0,$492000,Amateur Free Agent,1
323,Ryan Pressly,24,MIN,49,0,0,0,0,0,0,0,0.0,0,0,0.0,.501,.500,0.0,0.1,0,$490000,Rule 5 Draft,1
324,Luke Putkonen,27,DET,30,0,0,0,0,0,0,0,0.0,0,0,0.0,.501,.500,0.0,0.1,0,,Amateur Draft,1
325,Cesar Ramos*,29,TBR,48,0,0,0,0,0,0,0,0.0,0,0,0.0,.501,.500,0.0,0.1,0,$501300,Traded,1
326,Garrett Richards,25,LAA,47,0,0,0,0,0,0,0,0.0,0,0,0.0,.501,.500,0.0,0.1,0,$495000,Amateur Draft,1
327,Josh Roenicke,30,MIN,63,1,-0,0,0,0,0,0,0.0,0,0,0.0,.500,.500,0.0,0.1,0,$505000,Waivers,1
328,Bruce Rondon,22,DET,30,0,0,0,0,0,0,0,0.0,0,0,0.0,.501,.500,0.0,0.1,0,,Amateur Free Agent,1
329,Marc Rzepczynski*,27,CLE,27,0,0,0,0,0,0,0,0.0,0,0,0.0,.501,.500,0.0,0.1,0,$1100000,Traded,1
330,Pedro Strop,28,BAL,29,0,0,0,0,0,0,0,0.0,0,0,0.0,.501,.500,0.0,0.1,0,,Traded,1
331,Caleb Thielbar,26,MIN,49,0,0,0,0,0,0,0,0.0,0,0,0.0,.501,.500,0.0,0.1,0,,Free Agency,1
332,Matt Thornton*,36,2TM,60,0,0,0,0,0,0,0,0.0,0,0,0.0,.501,.500,0.0,0.1,0,$5500000,Traded,1
333,Alex Torres*,25,TBR,39,0,0,0,0,0,0,0,0.0,0,0,0.0,.501,.500,0.0,0.1,0,,Traded,1
334,Ramon Troncoso,30,CHW,29,0,0,0,0,0,0,0,0.0,0,0,0.0,.501,.500,0.0,0.1,0,,Free Agency,1
335,Neil Wagner,29,TOR,36,0,0,0,0,0,0,0,0.0,0,0,0.0,.501,.500,0.0,0.1,0,,Free Agency,1
336,Adam Warren,25,NYY,34,0,0,0,0,0,0,0,0.0,0,0,0.0,.501,.500,0.0,0.1,0,$490525,Amateur Draft,1
337,Wesley Wright,28,2TM,71,1,-0,0,0,0,0,0,0.0,0,0,0.0,.500,.500,0.0,0.1,0,$1025000,Purchased,1
338,Brett Anderson*,25,OAK,16,0,0,0,0,0,0,0,0.0,0,0,0.0,.501,.500,0.0,0.0,0,$5750000,Traded,1
339,Joe Blanton,32,LAA,28,6,-1,0,0,0,1,0,0.0,0,0,0.0,.500,.500,0.0,0.0,0,$6500000,Free Agency,1
340,Brennan Boesch*,28,NYY,23,53,1,-0,1,-2,-1,-2,-0.2,2,0,0.0,.492,.499,0.2,-0.3,2,$1500000,Free Agency,9/D
341,Buddy Boshers*,25,LAA,25,0,0,0,0,0,0,0,0.0,0,0,0.0,.501,.500,0.0,0.0,0,,Amateur Draft,1
342,Sean Burnett*,30,LAA,13,0,0,0,0,0,0,0,0.0,0,0,0.0,.501,.500,0.0,0.0,0,$3500000,Free Agency,1
343,Carlos Carrasco,26,CLE,15,0,0,0,0,0,0,0,0.0,0,0,0.0,.501,.500,0.0,0.0,0,$490000,Traded,1
344,Jesse Chavez,29,OAK,35,1,-0,0,0,0,0,0,0.0,0,0,0.0,.500,.500,0.0,0.1,0,,Purchased,1
345,Robert Coello,28,LAA,16,0,0,0,0,0,0,0,0.0,0,0,0.0,.501,.500,0.0,0.0,0,,Free Agency,1
346,Rubby De La Rosa,24,BOS,11,0,0,0,0,0,0,0,0.0,0,0,0.0,.501,.500,0.0,0.0,0,,Traded,1
347,Brandon Gomes,28,TBR,26,0,0,0,0,0,0,0,0.0,0,0,0.0,.501,.500,0.0,0.0,0,,Traded,1
348,Sonny Gray,23,OAK,12,0,0,0,0,0,0,0,0.0,0,0,0.0,.501,.500,0.0,0.0,0,,Amateur Draft,1
349,A.J. Griffin,25,OAK,32,5,-1,-0,0,0,1,0,0.0,0,0,0.0,.500,.500,0.0,0.1,0,$492500,Amateur Draft,1
350,J.C. Gutierrez,29,2TM,53,0,0,0,0,0,0,0,0.0,0,0,0.0,.501,.500,0.0,0.1,0,$750000,Waivers,1
351,Jeremy Jeffress,25,TOR,10,0,0,0,0,0,0,0,0.0,0,0,0.0,.501,.500,0.0,0.0,0,$495900,Purchased,1
352,Michael Kirkman*,26,TEX,25,0,0,0,0,0,0,0,0.0,0,0,0.0,.501,.500,0.0,0.0,0,$495800,Amateur Draft,1
353,Bobby LaFromboise*,27,SEA,10,0,0,0,0,0,0,0,0.0,0,0,0.0,.501,.500,0.0,0.0,0,,Amateur Draft,1
354,Andy LaRoche,29,TOR,1,4,-1,0,0,1,0,0,-0.0,0,0,0.0,.495,.500,-0.1,0.1,-1,,Free Agency,/5
355,Derek Lowe,40,TEX,9,0,0,0,0,0,0,0,0.0,0,0,0.0,.501,.500,0.0,0.0,0,$1250000,Free Agency,/1
356,Mark Lowe*,30,LAA,11,0,0,0,0,0,0,0,0.0,0,0,0.0,.501,.500,0.0,0.0,0,$575000,Free Agency,1
357,Josh Lueke,28,TBR,19,0,0,0,0,0,0,0,0.0,0,0,0.0,.501,.500,0.0,0.0,0,,Traded,1
358,Dustin McGowan,31,TOR,25,0,0,0,0,0,0,0,0.0,0,0,0.0,.501,.500,0.0,0.0,0,$1500000,Amateur Draft,1
359,Matt Moore*,24,TBR,27,2,-1,0,0,0,0,0,0.0,0,0,0.0,.500,.500,0.0,0.1,0,$1000000,Amateur Draft,1
360,Brett Oberholtzer*,23,HOU,13,0,0,0,0,0,0,0,0.0,0,0,0.0,.501,.500,0.0,0.0,0,,Traded,1
361,Brian Omogrosso,29,CHW,12,0,0,0,0,0,0,0,0.0,0,0,0.0,.501,.500,0.0,0.0,0,$492000,Amateur Draft,1
362,Jose Ortega,24,DET,11,0,0,0,0,0,0,0,0.0,0,0,0.0,.501,.500,0.0,0.0,0,,Amateur Free Agent,1
363,Juan Perez,34,TOR,19,0,0,0,0,0,0,0,0.0,0,0,0.0,.501,.500,0.0,0.0,0,,Free Agency,1
364,David Purcey*,31,CHW,24,0,0,0,0,0,0,0,0.0,0,0,0.0,.501,.500,0.0,0.0,0,,Free Agency,1
365,Cory Rasmus,25,LAA,16,0,0,0,0,0,0,0,0.0,0,0,0.0,.501,.500,0.0,0.0,0,,Traded,1
366,Evan Reed,27,DET,16,0,0,0,0,0,0,0,0.0,0,0,0.0,.501,.500,0.0,0.0,0,,Waivers,1
367,Chris Resop,30,OAK,18,0,0,0,0,0,0,0,0.0,0,0,0.0,.501,.500,0.0,0.0,0,$1350000,Traded,1
368,Francisco Rodriguez,31,BAL,23,0,0,0,0,0,0,0,0.0,0,0,0.0,.501,.500,0.0,0.0,0,,Traded,1
369,Michael Roth*,23,LAA,15,0,0,0,0,0,0,0,0.0,0,0,0.0,.501,.500,0.0,0.0,0,,Amateur Draft,1
370,Chance Ruffin,24,SEA,9,0,0,0,0,0,0,0,0.0,0,0,0.0,.501,.500,0.0,0.0,0,,Traded,/1
371,Chris Snyder,32,BAL,9,24,-3,-1,0,2,0,-1,-0.1,1,0,0.0,.491,.499,-0.2,0.3,-2,,Traded,/2
372,Anthony Swarzak,27,MIN,48,1,-0,0,0,0,0,0,0.0,0,0,0.0,.500,.500,0.0,0.1,0,$502500,Amateur Draft,1
373,Jose Valverde,35,DET,20,0,0,0,0,0,0,0,0.0,0,0,0.0,.501,.500,0.0,0.0,0,$2000000,Free Agency,1
374,Ross Wolf,30,TEX,22,0,0,0,0,0,0,0,0.0,0,0,0.0,.501,.500,0.0,0.0,0,,Free Agency,1
375,Brandon Workman,24,BOS,20,0,0,0,0,0,0,0,0.0,0,0,0.0,.501,.500,0.0,0.0,0,,Amateur Draft,1
376,Alfredo Aceves,30,BOS,11,,0,0,0,0,0,0,,,,,.501,.500,,0.0,,$2650000,Free Agency,1
377,Andrew Albers,27,MIN,10,,0,0,0,0,0,0,,,,,.501,.500,,0.0,,,Free Agency,1
378,Chris Archer,24,TBR,23,1,-0,0,0,0,0,0,0.0,0,0,0.0,.500,.500,0.0,0.0,0,,Traded,1
379,Jake Arrieta,27,BAL,5,,0,0,0,0,0,0,,,,,.501,.500,,0.0,,,Amateur Draft,/1
380,Jairo Asencio,30,BAL,4,,0,0,0,0,0,0,,,,,.501,.500,,0.0,,,Conditional Deal,/1
381,Luis Ayala,35,BAL,2,,0,0,0,0,0,0,,,,,.501,.500,,0.0,,,Free Agency,/1
382,Daniel Bard,28,BOS,2,,0,0,0,0,0,0,,,,,.501,.500,,0.0,,,Amateur Draft,/1
383,Scott Barnes*,25,CLE,6,0,0,0,0,0,0,0,0.0,0,0,0.0,.501,.500,0.0,0.0,0,,Traded,/1
384,Pedro Beato,26,BOS,10,,0,0,0,0,0,0,,,,,.501,.500,,0.0,,,Traded,1
385,Blake Beavan,24,SEA,12,,0,0,0,0,0,0,,,,,.501,.500,,0.0,,$506700,Traded,1
386,Mike Belfiore,24,BAL,1,,0,0,0,0,0,0,,,,,.501,.500,,0.0,,,Traded,/1
387,Jeff Beliveau*,26,TBR,1,,0,0,0,0,0,0,,,,,.501,.500,,0.0,,,Purchased,/1
388,Engel Beltre*,23,TEX,22,42,-1,-0,-0,1,-1,-2,-0.1,2,0,0.0,.493,.499,-0.1,0.1,-1,,Traded,/987D
389,Dellin Betances,25,NYY,6,,0,0,0,0,0,0,,,,,.501,.500,,0.0,,,Amateur Draft,/1
390,Chris Bootcheck,34,NYY,1,,0,0,0,0,0,0,,,,,.501,.500,,0.0,,,Free Agency,/1
391,Ryan Brasier,25,LAA,7,,0,0,0,0,0,0,,,,,.501,.500,,0.0,,,Amateur Draft,/1
392,Drake Britton*,24,BOS,19,0,0,-0,0,0,0,0,0.0,0,0,0.0,.500,.500,0.0,0.0,0,,Amateur Draft,1/D
393,Zach Britton*,25,BAL,8,,0,0,0,0,0,0,,,,,.501,.500,,0.0,,,Amateur Draft,/1
394,Clay Buchholz*,28,BOS,16,,0,0,0,0,0,0,,,,,.501,.500,,0.0,,$5500000,Amateur Draft,1
395,Billy Buckner,29,LAA,7,0,0,0,0,0,0,0,0.0,0,0,0.0,.501,.500,0.0,0.0,0,,Free Agency,/1
396,Francisley Bueno*,32,KCR,7,,0,0,0,0,0,0,,,,,.501,.500,,0.0,,,Free Agency,/1
397,Alex Burnett,25,BAL,2,,0,0,0,0,0,0,,,,,.501,.500,,0.0,,,Waivers,/1
398,Cory Burns,25,TEX,10,,0,0,0,0,0,0,,,,,.501,.500,,0.0,,$492000,Traded,1
399,Dave Bush,33,TOR,1,,0,0,0,0,0,0,,,,,.501,.500,,0.0,,,Amateur Draft,/1
400,Cesar Cabral*,24,NYY,8,,0,0,0,0,0,0,,,,,.501,.500,,0.0,,,Purchased,/1
401,David Carpenter,25,LAA,1,,0,0,0,0,0,0,,,,,.501,.500,,0.0,,$493000,Amateur Draft,/1
402,Simon Castro,25,CHW,4,0,0,0,0,0,0,0,0.0,0,0,0.0,.501,.500,0.0,0.0,0,,Traded,/1
403,Xavier Cedeno*,26,HOU,5,,0,0,0,0,0,0,,,,,.501,.500,,0.0,,$495900,Free Agency,/1
404,Kevin Chapman*,25,HOU,25,,0,0,0,0,0,0,,,,,.501,.500,,0.0,,,Traded,1
405,Jose Cisnero,24,HOU,28,1,-0,0,0,0,0,0,0.0,0,0,0.0,.500,.500,0.0,0.0,0,,Amateur Free Agent,1
406,Zach Clark,29,BAL,1,,0,0,0,0,0,0,,,,,.501,.500,,0.0,,,Amateur Free Agent,/1
407,Jarred Cosart,23,HOU,10,,0,0,0,0,0,0,,,,,.501,.500,,0.0,,,Traded,1
408,Rhiner Cruz,26,HOU,20,,0,0,0,0,0,0,,,,,.501,.500,,0.0,,$498000,Rule 5 Draft,1
409,Matt Daley,31,NYY,7,,0,0,0,0,0,0,,,,,.501,.500,,0.0,,,Free Agency,/1
410,Jose De La Torre,27,BOS,7,,0,0,0,0,0,0,,,,,.501,.500,,0.0,,,Traded,/1
411,Jorge De Leon,25,HOU,11,,0,0,0,0,0,0,,,,,.501,.500,,0.0,,,Amateur Free Agent,1
412,Cole De Vries,28,MIN,4,,0,0,0,0,0,0,,,,,.501,.500,,0.0,,$500000,Amateur Free Agent,/1
413,Octavio Dotel,39,DET,6,,0,0,0,0,0,0,,,,,.501,.500,,0.0,,$3500000,Free Agency,/1
414,Kyle Drabek,25,TOR,3,,0,0,0,0,0,0,,,,,.501,.500,,0.0,,$499500,Traded,/1
415,Danny Duffy*,24,KCR,5,,0,0,0,0,0,0,,,,,.501,.500,,0.0,,$505125,Amateur Draft,/1
416,Chris Dwyer,25,KCR,2,,0,0,0,0,0,0,,,,,.501,.500,,0.0,,,Amateur Draft,/1
417,Barry Enright,27,LAA,4,,0,0,0,0,0,0,,,,,.501,.500,,0.0,,,Traded,/1
418,Cody Eppley,27,NYY,2,,0,0,0,0,0,0,,,,,.501,.500,,0.0,,$510350,Waivers,/1
419,Neftali Feliz,25,TEX,6,,0,0,0,0,0,0,,,,,.501,.500,,0.0,,$2900000,Traded,/1
420,Pedro Figueroa*,27,OAK,5,,0,0,0,0,0,0,,,,,.501,.500,,0.0,,,Amateur Free Agent,/1
421,Wilmer Font,23,TEX,2,,0,0,0,0,0,0,,,,,.501,.500,,0.0,,,Amateur Free Agent,/1
422,Freddy Garcia,36,BAL,11,,0,0,0,0,0,0,,,,,.501,.500,,0.0,,,Free Agency,1
423,Matt Garza,29,TEX,13,,0,0,0,0,0,0,,,,,.501,.500,,0.0,,$10250000,Traded,1
424,Kevin Gausman*,22,BAL,20,1,-0,0,0,0,0,0,0.0,0,0,0.0,.500,.500,0.0,0.0,0,,Amateur Draft,1
425,Justin Germano,30,TOR,1,,0,0,0,0,0,0,,,,,.501,.500,,0.0,,,Free Agency,/1
426,Kyle Gibson,25,MIN,10,,0,0,0,0,0,0,,,,,.501,.500,,0.0,,,Amateur Draft,1
427,Chris Gimenez,30,TBR,4,4,1,-1,-0,0,0,-0,-0.0,0,0,0.0,.496,.500,0.0,0.0,0,,Free Agency,/352
428,Edgar Gonzalez,30,2TM,8,0,0,0,0,0,0,0,0.0,0,0,0.0,.501,.500,0.0,0.0,0,,Waivers,/1
429,Miguel Gonzalez,22,CHW,5,9,-0,-0,0,0,0,-0,-0.0,0,0,0.0,.493,.500,0.0,0.0,0,,Amateur Free Agent,/2D
430,Preston Guilmet,25,CLE,4,,0,0,0,0,0,0,,,,,.501,.500,,0.0,,,Amateur Draft,/1
431,Freddy Guzman#,32,TBR,1,0,0,0,0,0,-0,0,0.0,0,0,0.0,.498,.500,0.0,-0.0,0,,Free Agency,/D
432,Joel Hanrahan,31,BOS,9,,0,0,0,0,0,0,,,,,.501,.500,,0.0,,$7040000,Traded,/1
433,Tommy Hanson,26,LAA,15,,0,0,0,0,0,0,,,,,.501,.500,,0.0,,$3725000,Traded,1
434,J.A. Happ*,30,TOR,18,,0,0,0,0,0,0,,,,,.501,.500,,0.0,,$3700000,Traded,1
435,Matt Harrison*,27,TEX,2,,0,0,0,0,0,0,,,,,.501,.500,,0.0,,$5200000,Traded,/1
436,Deunte Heath,27,CHW,5,,0,0,0,0,0,0,,,,,.501,.500,,0.0,,,Free Agency,/1
437,Liam Hendriks,24,MIN,10,,0,0,0,0,0,0,,,,,.501,.500,,0.0,,$500000,Amateur Free Agent,1
438,Felix Hernandez,27,SEA,31,6,-1,0,0,0,1,0,0.0,0,0,0.0,.500,.500,0.0,0.1,0,$19857000,Amateur Free Agent,1
439,Pedro Hernandez*,24,MIN,14,,0,0,0,0,0,0,,,,,.501,.500,,0.0,,,Traded,1
440,David Huff#,28,2TM,14,,0,0,0,0,0,0,,,,,.501,.500,,0.0,,$493600,Amateur Draft,/1
441,Philip Humber,30,HOU,17,,0,0,0,0,0,0,,,,,.501,.500,,0.0,,$800000,Waivers,1
442,Erik Johnson,23,CHW,5,,0,0,0,0,0,0,,,,,.501,.500,,0.0,,,Amateur Draft,/1
443,Steve Johnson,25,BAL,9,,0,0,0,0,0,0,,,,,.501,.500,,0.0,,$495000,Traded,/1
444,Donnie Joseph*,25,KCR,6,,0,0,0,0,0,0,,,,,.501,.500,,0.0,,,Traded,/1
445,Jair Jurrjens,27,BAL,2,,0,0,0,0,0,0,,,,,.501,.500,,0.0,,,Free Agency,/1
446,Kevin Kiermaier*,23,TBR,1,0,0,0,0,0,0,0,0.0,0,0,0.0,.501,.500,0.0,0.0,0,,Amateur Draft,/8
447,Aaron Laffey*,28,TOR,1,,0,0,0,0,0,0,,,,,.501,.500,,0.0,,,Free Agency,/1
448,Matt Langwell,27,CLE,5,,0,0,0,0,0,0,,,,,.501,.500,,0.0,,,Amateur Draft,/1
449,Wade LeBlanc*,28,HOU,4,0,0,0,0,0,0,0,0.0,0,0,0.0,.501,.500,0.0,0.0,0,,Waivers,/1
450,C.C. Lee,26,CLE,8,,0,0,0,0,0,0,,,,,.501,.500,,0.0,,,Amateur Free Agent,/1
451,Charles Leesman*,26,CHW,8,,0,0,0,0,0,0,,,,,.501,.500,,0.0,,,Amateur Draft,/1
452,Brad Lincoln*,28,TOR,22,1,-0,0,0,0,0,0,0.0,0,0,0.0,.500,.500,0.0,0.0,0,,Traded,1
453,Josh Lindblom,26,TEX,8,,0,0,0,0,0,0,,,,,.501,.500,,0.0,,$500100,Traded,/1
454,Chia-Jen Lo,27,HOU,19,,0,0,0,0,0,0,,,,,.501,.500,,0.0,,,Free Agency,1
455,Kameron Loe,31,SEA,4,,0,0,0,0,0,0,,,,,.501,.500,,0.0,,$1050000,Free Agency,/1
456,Nick Maronde#,23,LAA,10,,0,0,0,0,0,0,,,,,.501,.500,,0.0,,,Amateur Draft,1
457,Brett Marshall,23,NYY,3,,0,0,0,0,0,0,,,,,.501,.500,,0.0,,,Amateur Draft,/1
458,David Martinez,25,HOU,4,,0,0,0,0,0,0,,,,,.501,.500,,0.0,,,Amateur Free Agent,/1
459,Joe Martinez*,30,CLE,2,,0,0,0,0,0,0,,,,,.501,.500,,0.0,,,Purchased,/1
460,Shairon Martis,26,MIN,6,,0,0,0,0,0,0,,,,,.501,.500,,0.0,,,Purchased,/1
461,Brandon Maurer,22,SEA,22,,0,0,0,0,0,0,,,,,.501,.500,,0.0,,$490000,Amateur Draft,1
462,Kyle McClellan,29,TEX,7,,0,0,0,0,0,0,,,,,.501,.500,,0.0,,,Free Agency,/1
463,Jim Miller,31,NYY,1,,0,0,0,0,0,0,,,,,.501,.500,,0.0,,,Waivers,/1
464,Brandon Morrow,28,TOR,10,,0,0,0,0,0,0,,,,,.501,.500,,0.0,,$8000000,Traded,1
465,Clayton Mortensen,28,BOS,24,1,-0,0,0,0,0,0,0.0,0,0,0.0,.500,.500,0.0,0.0,0,$504500,Traded,1
466,Brett Myers,32,CLE,4,,0,0,0,0,0,0,,,,,.501,.500,,0.0,,$7000000,Free Agency,/1
467,Mike Nickeas,30,TOR,1,0,0,0,0,0,0,0,0.0,0,0,0.0,.502,.500,0.0,0.0,0,,Traded,/2
468,Hector Noesi,26,SEA,12,,0,0,0,0,0,0,,,,,.501,.500,,0.0,,,Traded,1
469,Sean Nolin*,23,TOR,1,,0,0,0,0,0,0,,,,,.501,.500,,0.0,,,Amateur Draft,/1
470,Vidal Nuno*,25,NYY,5,,0,0,0,0,0,0,,,,,.501,.500,,0.0,,,Free Agency,/1
471,Jake Odorizzi,23,TBR,7,,0,0,0,0,0,0,,,,,.501,.500,,0.0,,,Traded,/1
472,Alexi Ogando,29,TEX,23,1,-0,0,0,0,0,0,0.0,0,0,0.0,.500,.500,0.0,0.0,0,$506600,Rule 5 Draft,1
473,Hideki Okajima*,37,OAK,5,0,0,0,0,0,0,0,0.0,0,0,0.0,.501,.500,0.0,0.0,0,,Free Agency,/1
474,Jarrod Parker,24,OAK,32,,0,0,0,0,0,0,,,,,.501,.500,,0.1,,$495000,Traded,1
475,Mike Pelfrey,29,MIN,29,1,-0,0,0,0,0,0,0.0,0,0,0.0,.500,.500,0.0,0.1,0,$4000000,Free Agency,1
476,Luis Perez*,28,TOR,6,0,0,0,0,0,0,0,0.0,0,0,0.0,.501,.500,0.0,0.0,0,$500000,Amateur Free Agent,/1
477,Vinnie Pestano,28,CLE,37,,0,0,0,0,0,0,,,,,.501,.500,,0.1,,$501900,Amateur Draft,1
478,Jake Petricka,25,CHW,16,,0,0,0,0,0,0,,,,,.501,.500,,0.0,,,Amateur Draft--no sign,1
479,Stephen Pryor,23,SEA,7,,0,0,0,0,0,0,,,,,.501,.500,,0.0,,$492200,Amateur Draft,/1
480,Clay Rapada,32,CLE,4,,0,0,0,0,0,0,,,,,.501,.500,,0.0,,,Free Agency,/1
481,Andre Rienzo,25,CHW,10,,0,0,0,0,0,0,,,,,.501,.500,,0.0,,,Amateur Free Agent,1
482,Tyler Robertson*,25,MIN,2,,0,0,0,0,0,0,,,,,.501,.500,,0.0,,$495000,Amateur Draft,/1
483,Enny Romero*,22,TBR,1,,0,0,0,0,0,0,,,,,.501,.500,,0.0,,,Amateur Free Agent,/1
484,Ricky Romero,28,TOR,4,,0,0,0,0,0,0,,,,,.501,.500,,0.0,,$7500000,Amateur Draft,/1
485,Chris Sale*,24,CHW,30,,0,0,0,0,0,0,,,,,.501,.500,,0.1,,$850000,Amateur Draft,1
486,Sergio Santos,29,TOR,29,1,-0,0,0,0,0,0,0.0,0,0,0.0,.500,.500,0.0,0.1,0,$2750000,Traded,1
487,Evan Scribner,27,OAK,18,,0,0,0,0,0,0,,,,,.501,.500,,0.0,,$495000,Waivers,1
488,Matt Shoemaker,26,LAA,1,,0,0,0,0,0,0,,,,,.501,.500,,0.0,,,Amateur Free Agent,/1
489,Will Smith,23,KCR,19,,0,0,0,0,0,0,,,,,.501,.500,,0.0,,,Traded,1
490,Joakim Soria,29,TEX,26,,0,0,0,0,0,0,,,,,.501,.500,,0.0,,$2000000,Free Agency,1
491,Daniel Stange,27,LAA,3,,0,0,0,0,0,0,,,,,.501,.500,,0.0,,,Free Agency,/1
492,Josh Stinson,25,BAL,11,,0,0,0,0,0,0,,,,,.501,.500,,0.0,,,Waivers,1
493,Mickey Storey,27,TOR,3,,0,0,0,0,0,0,,,,,.501,.500,,0.0,,,Waivers,/1
494,Everett Teaford*,29,KCR,1,,0,0,0,0,0,0,,,,,.501,.500,,0.0,,,Amateur Draft,/1
495,Josh Tomlin,28,CLE,1,,0,0,0,0,0,0,,,,,.501,.500,,0.0,,$501800,Amateur Draft,/1
496,Michael Tonkin,23,MIN,9,,0,0,0,0,0,0,,,,,.501,.500,,0.0,,,Amateur Draft,/1
497,Jason Vargas*,30,LAA,24,,0,0,0,0,0,0,,,,,.501,.500,,0.0,,$8500000,Traded,1
498,Yordano Ventura,22,KCR,3,,0,0,0,0,0,0,,,,,.501,.500,,0.0,,,Amateur Free Agent,/1
499,Brayan Villarreal,26,2TM,8,0,0,0,0,0,0,0,0.0,0,0,0.0,.501,.500,0.0,0.0,0,$502500,Amateur Free Agent,/1
500,Taijuan Walker,20,SEA,3,,0,0,0,0,0,0,,,,,.501,.500,,0.0,,,Amateur Draft,/1
501,P.J. Walters,28,MIN,8,,0,0,0,0,0,0,,,,,.501,.500,,0.0,,,Free Agency,/1
502,Chien-Ming Wang,33,TOR,6,,0,0,0,0,0,0,,,,,.501,.500,,0.0,,$500000,Free Agency,/1
503,Daniel Webb,23,CHW,9,,0,0,0,0,0,0,,,,,.501,.500,,0.0,,,Traded,/1
504,Thad Weber,28,TOR,5,,0,0,0,0,0,0,,,,,.501,.500,,0.0,,,Waivers,/1
505,Allen Webster,23,BOS,8,,0,0,0,0,0,0,,,,,.501,.500,,0.0,,,Traded,/1
506,Alex Wilson,26,BOS,26,,0,0,0,0,0,0,,,,,.501,.500,,0.0,,,Amateur Draft,1
507,Blake Wood,27,CLE,2,,0,0,0,0,0,0,,,,,.501,.500,,0.0,,$560000,Waivers,/1
508,Steven Wright,28,BOS,4,,0,0,0,0,0,0,,,,,.501,.500,,0.0,,,Traded,/1
509,Mike Zagurski*,30,NYY,1,,0,0,0,0,0,0,,,,,.501,.500,,0.0,,,Free Agency,/1
510,Josh Zeid,26,HOU,25,,0,0,0,0,0,0,,,,,.501,.500,,0.0,,,Traded,1
511,Trevor Bauer,22,CLE,4,1,-0,0,0,0,0,-0,-0.0,0,-0,-0.0,.497,.500,-0.0,0.0,-0,$1183333,Traded,/1
512,Jeremy Bonderman,30,2TM,18,2,-1,0,0,0,0,-0,-0.0,0,0,-0.0,.499,.500,-0.0,0.0,-0,,Free Agency,/1
513,Justin Grimm,24,TEX,17,1,-0,0,0,0,0,-0,-0.0,0,0,-0.0,.500,.500,-0.0,0.0,-0,,Amateur Draft,1
514,Corban Joseph*,24,NYY,2,7,-0,-0,0,0,-0,-0,-0.0,0,-0,-0.0,.481,.500,-0.0,0.0,-0,,Amateur Draft,/34
515,Ramon Ortiz,40,TOR,7,1,-0,0,0,0,0,-0,-0.0,0,-0,-0.0,.498,.500,-0.0,0.0,-0,,Free Agency,/1
516,Andy Pettitte*,41,NYY,30,2,-1,0,0,0,0,-0,-0.0,0,0,-0.0,.500,.500,-0.0,0.1,-0,$12000000,Amateur Draft,1
517,Jose Quintana,24,CHW,33,2,-1,0,0,0,0,-0,-0.0,0,0,-0.0,.500,.500,-0.0,0.1,-0,$500000,Free Agency,1
518,Erasmo Ramirez,23,SEA,14,1,-0,0,0,0,0,-0,-0.0,0,0,-0.0,.500,.500,-0.0,0.0,-0,,Amateur Free Agent,1
519,Anibal Sanchez,29,DET,29,7,-1,-0,0,0,1,0,-0.0,0,0,-0.0,.500,.500,-0.0,0.1,0,$8800000,Traded,1
520,Max Stassi,22,HOU,3,8,-0,-0,-0,0,-0,-0,-0.0,0,-0,-0.0,.486,.500,-0.0,-0.0,-0,,Traded,/D2
521,Justin Verlander,30,DET,34,2,-1,0,0,0,0,-0,-0.0,0,0,-0.0,.500,.500,-0.0,0.1,-0,$20000000,Amateur Draft,1
522,Jerome Williams,31,LAA,37,2,-1,0,0,0,0,-0,-0.0,0,0,-0.0,.500,.500,-0.0,0.1,-0,$2000000,Free Agency,1
523,Vance Worley,25,MIN,10,1,-0,0,0,0,0,-0,-0.0,0,0,-0.0,.499,.500,-0.0,0.0,-0,$525000,Traded,1
524,Wei-Yin Chen*,27,BAL,23,2,-1,0,0,0,0,-0,-0.0,0,-0,-0.0,.499,.500,-0.0,0.0,-0,$3572000,Amateur Free Agent,1
525,Sam Deduno,29,MIN,18,2,-1,0,0,0,0,-0,-0.0,0,-0,-0.0,.499,.500,-0.0,0.0,-0,,Free Agency,1
526,David DeJesus*,33,TBR,35,117,1,-2,-0,-3,-1,-4,-0.4,4,-0,-0.0,.486,.497,0.3,-0.4,3,$4250000,Traded,7/89
527,Mark DeRosa,38,TOR,88,236,0,-1,-0,-7,-1,-9,-0.8,8,-0,-0.0,.489,.494,0.7,-0.8,7,$750000,Free Agency,453D/7
528,Scott Feldman*,30,BAL,16,3,-1,0,0,0,0,-0,-0.0,0,0,-0.0,.499,.500,-0.0,0.0,-0,$6000000,Traded,1
529,Hisashi Iwakuma,32,SEA,33,3,-1,0,0,0,1,-0,-0.0,0,-0,-0.0,.499,.500,-0.0,0.1,-0,$6500000,Free Agency,1
530,Chad Jenkins,25,TOR,10,2,-1,0,0,0,0,-0,-0.0,0,-0,-0.0,.498,.500,-0.0,0.0,-0,,Amateur Draft,1
531,Dallas Keuchel*,25,HOU,33,2,-1,-0,0,0,0,-0,-0.0,0,-0,-0.0,.499,.500,-0.0,0.0,-0,,Amateur Draft,1/D
532,Franklin Morales*,27,BOS,20,2,-1,0,0,0,0,-0,-0.0,0,-0,-0.0,.499,.500,-0.0,0.0,-0,$1487500,Purchased,1
533,David Phelps,26,NYY,22,2,-1,0,0,0,0,-0,-0.0,0,-0,-0.0,.499,.500,-0.0,0.0,-0,$512425,Amateur Draft,1
534,CC Sabathia*,32,NYY,32,4,-1,-0,0,0,1,-0,-0.0,0,-0,-0.0,.499,.500,-0.0,0.1,-0,$23000000,Free Agency,1
535,Danny Salazar*,23,CLE,10,2,-1,0,0,0,0,-0,-0.0,0,-0,-0.0,.498,.500,-0.0,0.0,-0,,Amateur Free Agent,1
536,Omir Santos,32,CLE,1,1,-0,0,0,0,0,-0,-0.0,0,-0,-0.0,.476,.500,-0.0,0.0,-0,,Free Agency,/2
537,Alex Colome,24,TBR,3,2,-1,0,0,0,0,-0,-0.0,0,-0,-0.0,.491,.500,-0.0,0.0,-0,,Amateur Free Agent,/1
538,Yu Darvish,26,TEX,32,3,-1,0,0,0,1,-0,-0.0,0,-0,-0.0,.499,.500,-0.0,0.1,-0,$9500000,Purchased,1
539,Gavin Floyd,30,CHW,5,2,-1,0,0,0,0,-0,-0.0,0,-0,-0.0,.495,.500,-0.0,0.0,-0,$9500000,Traded,/1
540,Ivan Nova,26,NYY,23,3,-1,0,0,0,1,-0,-0.0,0,-0,-0.0,.499,.500,-0.0,0.0,-0,$575600,Amateur Free Agent,1
541,Jonathan Schoop,21,BAL,5,15,0,0,-0,-1,0,-1,-0.1,1,-0,-0.0,.483,.499,0.1,-0.1,1,,Amateur Free Agent,/4
542,Kelly Shoppach,33,2TM,36,127,-3,-1,0,-3,2,-5,-0.5,5,-0,-0.0,.485,.497,0.3,-0.1,3,$1500000,Free Agency,2
543,Nick Tepesch,24,TEX,19,3,-1,0,0,0,0,-0,-0.0,0,-0,-0.0,.498,.500,-0.0,0.0,-0,,Amateur Draft,1
544,Brandon Bantz,26,SEA,1,2,-1,0,0,0,0,-0,-0.1,0,-0,-0.0,.450,.500,-0.0,0.0,-0,,Amateur Draft,/2
545,Erik Bedard*,34,HOU,32,4,-1,0,0,0,1,-0,-0.0,0,-0,-0.0,.499,.500,-0.0,0.1,-0,$1150000,Free Agency,1
546,Julio Borbon*,27,TEX,1,1,-0,-0,0,0,-0,-0,-0.0,0,-0,-0.0,.459,.500,-0.0,-0.0,-0,,Amateur Draft,/D
547,Mark Buehrle*,34,TOR,33,4,-1,0,0,0,1,-0,-0.0,0,-0,-0.0,.499,.500,-0.0,0.1,-0,$11000000,Traded,1
548,Steve Clevenger*,27,BAL,4,15,-1,-0,-0,0,0,-1,-0.1,1,-0,-0.0,.475,.499,-0.1,0.0,-0,$496000,Traded,/2
549,Wade Davis,27,KCR,31,4,-1,0,0,0,1,-0,-0.0,0,-0,-0.0,.499,.500,-0.0,0.1,-0,$2800000,Traded,1
550,Felix Doubront*,25,BOS,29,4,-1,0,0,0,1,-0,-0.0,0,-0,-0.0,.499,.500,-0.0,0.1,-0,$518500,Amateur Free Agent,1
551,Johnny Giavotella,25,KCR,14,48,-1,-1,0,-1,0,-2,-0.2,2,-0,-0.0,.484,.499,0.1,-0.1,1,,Amateur Draft,4/D
552,Aaron Harang,35,SEA,22,4,-1,0,0,0,1,-0,-0.0,0,-0,-0.0,.498,.500,-0.0,0.0,-0,$7000000,Traded,1
553,Roberto Hernandez,32,TBR,32,4,-1,0,0,0,1,-0,-0.0,0,-0,-0.0,.499,.500,-0.0,0.1,-0,$3250000,Free Agency,1
554,Phil Hughes,27,NYY,30,4,-1,0,0,0,1,-0,-0.0,0,-0,-0.0,.499,.500,-0.0,0.1,-0,$7150000,Amateur Draft,1
555,Zach McAllister,25,CLE,24,4,-1,0,0,0,1,-0,-0.0,0,-0,-0.0,.498,.500,-0.0,0.0,-0,$496400,Traded,1
556,Jered Weaver,30,LAA,24,4,-1,0,0,0,1,-0,-0.0,0,-0,-0.0,.498,.500,-0.0,0.0,-0,$16000000,Amateur Draft,1
557,Chris Young,29,OAK,107,375,-8,1,1,-6,-1,-14,-1.3,13,-0,-0.0,.486,.491,0.5,-0.7,6,$8500000,Traded,897/D
558,Alex Cobb,25,TBR,22,3,-1,0,-0,0,0,-0,-0.1,0,-0,-0.1,.498,.500,-0.1,0.0,-0,$502200,Amateur Draft,1
559,Scott Cousins*,28,LAA,7,5,-1,0,0,0,-0,-1,-0.1,0,-0,-0.1,.490,.500,-0.1,0.0,-1,,Waivers,/79
560,John Danks*,28,CHW,22,4,-1,0,0,0,1,-0,-0.1,0,-0,-0.1,.498,.500,-0.1,0.0,-0,$14250000,Traded,1
561,Jason Hammel,30,BAL,26,4,-1,0,0,0,1,-0,-0.1,0,-0,-0.1,.498,.500,-0.1,0.0,-0,$6750000,Traded,1
562,Jason Kubel*,31,CLE,8,23,-2,-0,0,1,-0,-1,-0.1,1,-0,-0.1,.482,.499,-0.2,0.1,-1,$7500000,Traded,/79D
563,Angel Sanchez,29,CHW,1,2,-1,0,0,0,0,-0,-0.1,0,-0,-0.1,.442,.500,-0.1,0.0,-0,$505000,Rule 5 Draft,/4
564,Chris Colabello,29,MIN,55,181,-4,-0,-0,1,-3,-7,-0.7,6,-0,-0.1,.487,.495,-0.2,-0.2,-1,,Free Agency,3D9
565,Jonathan Diaz,28,BOS,5,4,-1,0,0,0,0,-1,-0.1,0,-1,-0.1,.484,.500,-0.1,0.0,-1,,Free Agency,/54
566,Jordan Lyles,22,HOU,27,7,-2,-0,0,0,1,-1,-0.1,0,-0,-0.1,.498,.500,-0.1,0.1,-0,,Amateur Draft,1
567,Joe Saunders*,32,SEA,33,6,-2,0,0,0,1,-1,-0.1,0,-0,-0.1,.498,.500,-0.1,0.1,-0,$6500000,Free Agency,1
568,Jason Bourgeois,31,TBR,9,18,1,0,0,-2,-0,-1,-0.1,1,-1,-0.1,.484,.499,0.1,-0.2,1,,Free Agency,/7D9
569,Drew Butera,29,MIN,2,3,-1,0,0,0,0,-1,-0.1,0,-1,-0.1,.460,.500,-0.1,0.0,-1,,Traded,/2
570,Bartolo Colon,40,OAK,30,6,-2,0,0,0,1,-1,-0.1,0,-0,-0.1,.498,.500,-0.1,0.1,-0,$3000000,Free Agency,1
571,Hiroki Kuroda,38,NYY,32,6,-2,0,0,0,1,-1,-0.1,0,-0,-0.1,.498,.500,-0.1,0.1,-0,$15000000,Free Agency,1
572,John Lackey,34,BOS,29,6,-2,0,0,0,1,-1,-0.1,0,-0,-0.1,.498,.500,-0.1,0.1,-0,$15250000,Free Agency,1
573,Will Middlebrooks,24,BOS,94,374,-8,0,-1,-7,2,-14,-1.4,13,-1,-0.1,.484,.491,0.6,-0.5,6,$498000,Amateur Draft,5/43
574,David Price*,27,TBR,27,6,-2,0,0,0,1,-1,-0.1,0,-0,-0.1,.498,.500,-0.1,0.1,-0,$10112500,Amateur Draft,1
575,Esmil Rogers,27,TOR,46,6,-2,0,0,0,1,-1,-0.1,0,-0,-0.1,.498,.500,-0.1,0.1,-0,$509000,Traded,1/D
576,Hector Santiago,25,CHW,34,6,-2,-0,0,0,1,-1,-0.1,0,-0,-0.1,.498,.500,-0.1,0.1,-0,$505000,Amateur Draft,1
577,Chris Tillman,25,BAL,33,7,-2,-0,0,0,1,-1,-0.1,0,-0,-0.1,.498,.500,-0.1,0.1,-0,$508500,Traded,1
578,Lance Berkman#,37,TEX,73,294,-4,-1,-0,1,-6,-11,-1.1,11,-1,-0.1,.483,.492,-0.3,-0.5,-2,$10000000,Free Agency,D/3
579,Jon Lester*,29,BOS,33,7,-2,-0,0,0,1,-1,-0.1,0,-0,-0.1,.497,.499,-0.1,0.1,-1,$11625000,Amateur Draft,1
580,Trevor Crowe#,29,HOU,60,181,-6,1,0,0,-2,-7,-0.7,6,-1,-0.1,.487,.495,-0.1,-0.2,-1,,Free Agency,978/D
581,J.R. Murphy,22,NYY,16,27,-3,1,1,0,1,-2,-0.2,1,-1,-0.1,.488,.499,-0.1,0.1,-1,,Amateur Draft,2
582,Jake Peavy,32,2TM,23,15,-3,-0,0,0,2,-1,-0.1,1,-1,-0.1,.496,.500,-0.1,0.0,-0,$14500000,Traded,1
583,Tyler Flowers,27,CHW,84,275,-15,-1,-1,2,5,-11,-1.0,10,-1,-0.1,.486,.493,-0.4,0.8,-3,$510000,Traded,2
584,Rick Ankiel*,33,HOU,25,65,-1,-0,0,-2,-1,-4,-0.3,2,-1,-0.1,.485,.498,0.1,-0.3,1,,Free Agency,9
585,Melky Cabrera#,28,TOR,88,372,-5,0,0,-6,-4,-14,-1.4,13,-1,-0.1,.482,.490,0.4,-1.0,5,$8000000,Free Agency,7/D
586,Kevin Correia,32,MIN,32,10,-3,-0,0,0,1,-1,-0.1,0,-1,-0.1,.496,.499,-0.1,0.1,-1,$4500000,Free Agency,1
587,Alberto Gonzalez,30,NYY,13,34,-4,0,-0,2,0,-2,-0.2,1,-1,-0.1,.482,.499,-0.3,0.3,-3,,Traded,/56719
588,Mike Moustakas*,24,KCR,136,514,-17,-2,-0,-3,2,-19,-1.9,18,-1,-0.1,.485,.487,0.1,0.1,2,$524500,Amateur Draft,*5
589,Nick Markakis*,29,BAL,160,700,-12,-0,0,-7,-7,-25,-2.5,24,-1,-0.1,.483,.483,0.5,-1.3,6,$15000000,Amateur Draft,*9/D
590,John McDonald,38,2TM,14,17,-2,0,1,-1,0,-2,-0.2,1,-1,-0.1,.486,.499,-0.0,-0.1,-0,,Amateur Draft,/5
591,Leury Garcia#,22,2TM,45,111,-10,0,1,3,1,-5,-0.5,4,-1,-0.1,.488,.498,-0.5,0.5,-4,,Amateur Free Agent,4/56D
592,Travis Hafner*,36,NYY,82,299,-5,-0,0,0,-7,-12,-1.2,11,-1,-0.1,.484,.492,-0.2,-0.7,-1,$2000000,Free Agency,D
593,Jemile Weeks#,26,OAK,8,9,-1,0,0,-1,-0,-2,-0.2,0,-1,-0.2,.477,.499,-0.0,-0.1,-0,,Amateur Draft,/48D
594,Robinson Chirinos,29,TEX,13,30,-2,0,-0,0,-0,-3,-0.3,1,-2,-0.2,.478,.498,-0.2,0.0,-2,,Traded,/352D
595,Dan Johnson*,33,BAL,3,5,-1,0,0,0,-0,-2,-0.2,0,-1,-0.2,.441,.499,-0.2,-0.0,-1,,Free Agency,/D3
596,Kevin Pillar,24,TOR,36,110,-6,-1,0,2,-1,-5,-0.5,4,-1,-0.2,.484,.496,-0.4,0.1,-3,,Amateur Draft,7/D9
597,Jesus Sucre,25,SEA,8,29,-3,-0,-0,0,1,-2,-0.3,1,-2,-0.2,.465,.498,-0.2,0.1,-1,,Free Agency,/2
598,Nick Castellanos,21,DET,11,18,-1,-0,0,-1,-0,-2,-0.2,1,-2,-0.2,.477,.498,-0.1,-0.1,-1,,Amateur Draft,/7D
599,Cody Clark,31,HOU,16,40,-7,-0,0,3,1,-3,-0.3,1,-2,-0.2,.479,.498,-0.5,0.4,-5,,Free Agency,2
600,Danny Worth,27,DET,3,2,-1,0,-0,-1,-0,-2,-0.2,0,-2,-0.2,.436,.499,-0.1,-0.1,-1,,Amateur Draft,/5D
601,Kevin Youkilis,34,NYY,28,118,-3,-0,-0,-2,-0,-6,-0.6,4,-2,-0.2,.477,.496,0.0,-0.2,0,$12000000,Free Agency,5/3D
602,Thomas Neal,25,NYY,4,13,-1,-0,0,-1,-0,-2,-0.2,0,-2,-0.2,.441,.499,-0.1,-0.1,-1,,Free Agency,/9D7
603,Matt Pagnozzi,30,HOU,9,22,-3,0,0,0,0,-2,-0.3,1,-2,-0.2,.469,.498,-0.2,0.0,-2,,Purchased,/2D
604,David Adams,26,NYY,43,152,-10,-0,-0,3,1,-7,-0.7,5,-2,-0.2,.482,.495,-0.6,0.4,-5,,Amateur Draft,5/43
605,Adam Dunn*,33,CHW,149,607,0,-1,1,-13,-11,-24,-2.3,22,-2,-0.2,.483,.484,1.0,-2.5,11,$15000000,Free Agency,D3/7
606,Brent Lillibridge,29,NYY,11,37,-4,0,0,0,-0,-3,-0.3,1,-2,-0.2,.469,.498,-0.2,0.0,-2,,Purchased,/53D9
607,Blake Tekotte*,26,CHW,20,36,-1,-2,0,0,0,-3,-0.3,1,-2,-0.2,.484,.498,-0.2,0.0,-2,,Traded,8/7
608,Chris Nelson,27,2TM,43,156,-6,-0,-1,-1,1,-8,-0.8,6,-2,-0.2,.481,.497,-0.2,0.0,-1,,Conditional Deal,5
609,Scott Sizemore,28,OAK,2,6,-1,0,0,-2,0,-2,-0.2,0,-2,-0.2,.376,.498,-0.0,-0.2,-0,$500000,Traded,/4
610,Dewayne Wise*,35,CHW,30,66,-4,-0,-0,0,0,-4,-0.5,2,-2,-0.2,.484,.497,-0.2,0.0,-2,$700000,Free Agency,8/7D9
611,Mark Teixeira#,33,NYY,15,63,-3,-0,-0,0,-1,-4,-0.5,2,-2,-0.2,.467,.497,-0.3,-0.1,-2,$22500000,Free Agency,3/D
612,Brett Wallace*,26,HOU,79,285,-3,-0,1,-6,-4,-12,-1.2,10,-2,-0.2,.483,.492,0.3,-1.0,4,$495000,Traded,3/5D
613,Vernon Wells,34,NYY,130,458,-13,1,-1,0,-6,-18,-1.8,16,-2,-0.2,.485,.488,-0.3,-0.5,-2,$21000000,Traded,79D/345
614,Luke Montz,29,OAK,13,30,-2,-1,0,0,-1,-3,-0.4,1,-2,-0.2,.472,.498,-0.3,-0.1,-2,,Free Agency,D/3
615,Alejandro De Aza*,29,CHW,153,675,-5,1,-0,-20,-1,-26,-2.5,23,-2,-0.3,.482,.483,1.7,-2.1,18,$2075000,Waivers,*87/D
616,Brent Morel,26,CHW,12,30,-2,-1,-0,-1,-0,-4,-0.4,1,-2,-0.3,.468,.498,-0.2,-0.1,-1,,Amateur Draft,/53
617,Jackie Bradley*,23,BOS,37,107,-3,-1,0,-3,-0,-6,-0.6,4,-2,-0.3,.482,.496,0.0,-0.3,1,,Amateur Draft,87/9
618,Mark Reynolds,29,2TM,135,504,-3,-1,-1,-11,-5,-21,-2.0,18,-3,-0.3,.484,.489,0.8,-1.5,8,$6000000,Free Agency,35/4
619,Shelley Duncan,33,TBR,20,64,-2,-0,-1,0,-2,-5,-0.5,2,-3,-0.3,.473,.497,-0.3,-0.2,-3,$550000,Free Agency,D/3
620,Henry Urrutia*,26,BAL,24,58,-3,-0,-0,0,-1,-5,-0.5,2,-2,-0.3,.479,.497,-0.3,-0.1,-3,,Amateur Free Agent,D/7
621,Robert Andino,29,SEA,29,85,-5,0,-0,-1,1,-6,-0.6,3,-3,-0.3,.479,.496,-0.2,0.1,-2,,Traded,6/45
622,Brad Hawpe*,34,LAA,17,32,-2,-0,0,-1,-1,-4,-0.4,1,-2,-0.3,.477,.498,-0.2,-0.2,-2,,Free Agency,/39D7
623,Hernan Perez,22,DET,34,71,-6,0,-0,1,0,-5,-0.6,3,-3,-0.3,.483,.496,-0.4,0.2,-4,,Amateur Free Agent,4/D56
624,Nate Freiman,26,OAK,80,208,-0,-2,-1,-3,-4,-10,-1.0,7,-3,-0.3,.486,.493,-0.0,-0.7,0,$490000,Waivers,3D
625,Cord Phelps#,26,CLE,4,9,-2,-0,0,-1,0,-3,-0.3,0,-3,-0.3,.412,.498,-0.2,-0.1,-2,,Amateur Draft,/4
626,Brandon Laird,25,HOU,25,76,-3,-0,-0,-1,-1,-6,-0.6,3,-3,-0.3,.475,.496,-0.2,-0.2,-2,,Waivers,3/D5
627,Chris Herrmann*,25,MIN,57,178,-7,-0,-0,-3,1,-10,-0.9,6,-3,-0.3,.482,.494,-0.1,-0.2,-0,,Amateur Draft,29/7D
628,Zoilo Almonte#,24,NYY,34,113,-5,-2,-0,1,-1,-7,-0.7,4,-3,-0.3,.477,.495,-0.5,-0.0,-4,,Amateur Free Agent,7/9D
629,Wilson Betemit#,31,BAL,6,10,-3,-0,-0,0,-1,-3,-0.4,0,-3,-0.3,.436,.498,-0.3,-0.1,-3,$1750000,Free Agency,/D3
630,Pedro Ciriaco,27,2TM,33,69,-2,-0,0,-4,0,-6,-0.6,2,-3,-0.4,.482,.497,0.1,-0.4,1,$502500,Free Agency,5/6D43
631,Jesus Montero,23,SEA,29,110,-4,-2,0,-3,2,-7,-0.7,4,-3,-0.3,.474,.495,-0.1,-0.1,-0,$503300,Traded,2/D
632,Jason Pridie*,29,BAL,4,10,-1,-0,0,-3,-0,-4,-0.4,0,-4,-0.4,.400,.498,-0.1,-0.3,-1,,Free Agency,/87
633,Taylor Teagarden,29,BAL,23,62,-6,-1,0,0,1,-6,-0.6,2,-3,-0.4,.473,.496,-0.4,0.2,-3,$650000,Traded,2
634,Bryan Anderson*,26,CHW,10,19,-4,-0,0,-1,0,-4,-0.4,1,-4,-0.4,.454,.497,-0.3,-0.1,-3,,Free Agency,2
635,Alex Liddi,24,SEA,8,18,-3,0,0,-1,-0,-4,-0.4,1,-4,-0.4,.443,.497,-0.3,-0.1,-3,,Amateur Free Agent,/3
636,Brandon Snyder,26,BOS,27,52,-3,-1,0,-1,-0,-5,-0.6,2,-4,-0.4,.478,.496,-0.3,-0.1,-3,,Free Agency,5/3D7
637,Ben Francisco,31,NYY,21,50,-5,-0,0,1,-1,-5,-0.6,2,-4,-0.4,.472,.496,-0.5,-0.0,-5,$1100000,Free Agency,D/97
638,Brendan Harris,32,LAA,44,117,-3,-0,1,-6,1,-8,-0.8,4,-4,-0.4,.481,.495,0.2,-0.5,2,,Free Agency,6/534D7
639,Travis Ishikawa*,29,2TM,7,20,-3,0,0,-1,-0,-5,-0.5,1,-4,-0.4,.427,.498,-0.3,-0.1,-3,,Waivers,/3
640,Marc Krauss*,25,HOU,52,146,-5,0,-0,-1,-3,-9,-0.9,5,-4,-0.4,.481,.494,-0.4,-0.3,-3,,Traded,7D/93
641,Alex Presley*,27,MIN,28,122,0,-1,-0,-8,1,-8,-0.8,4,-4,-0.4,.469,.495,0.4,-0.8,4,,Traded,8
642,Oswaldo Arcia*,22,MIN,97,378,0,-0,1,-15,-4,-18,-1.8,14,-4,-0.5,.480,.488,1.0,-2.0,11,,Amateur Free Agent,79/D
643,Carlos Pena*,35,2TM,89,328,-4,-1,-0,-5,-6,-16,-1.6,12,-4,-0.5,.480,.491,-0.0,-1.1,1,$2900000,Free Agency,3D
644,Grant Green,25,2TM,45,153,-5,0,0,-7,1,-10,-1.0,5,-5,-0.5,.476,.497,0.2,-0.6,2,,Traded,4
645,Chris McGuiness*,25,TEX,10,34,-4,-0,-0,0,-1,-6,-0.6,1,-4,-0.5,.438,.496,-0.5,-0.1,-4,,Traded,3
646,Jake Elmore,26,HOU,52,136,-4,-2,0,-4,0,-10,-1.0,5,-5,-0.5,.480,.494,-0.1,-0.3,-1,,Waivers,64/7D835219
647,Thomas Field,26,LAA,15,27,-4,0,0,-3,0,-6,-0.6,1,-5,-0.5,.459,.496,-0.2,-0.2,-2,,Waivers,/465
648,Tyler Greene,29,CHW,22,57,-3,-0,-0,-4,0,-7,-0.7,2,-5,-0.5,.467,.496,-0.1,-0.4,-1,,Free Agency,4
649,Josh Phegley,25,CHW,65,213,-17,-0,-1,2,4,-12,-1.3,8,-5,-0.5,.479,.492,-0.8,0.7,-7,,Amateur Draft,2/4
650,Ronny Cedeno,30,HOU,51,155,-9,0,-0,-3,1,-10,-1.1,6,-5,-0.5,.478,.493,-0.3,-0.1,-2,$1150000,Free Agency,6/D3
651,Sam Fuld*,31,TBR,119,200,-12,1,1,1,-3,-12,-1.2,7,-5,-0.6,.489,.492,-0.7,-0.1,-6,$725000,Traded,789/D1
652,Jason Giambi*,42,CLE,71,216,-4,-1,-2,0,-5,-13,-1.3,8,-5,-0.6,.480,.491,-0.6,-0.5,-5,$750000,Free Agency,D
653,Brock Holt*,25,BOS,26,72,-5,0,1,-5,0,-8,-0.8,3,-6,-0.6,.467,.495,-0.1,-0.5,-1,,Traded,5/4D
654,Casper Wells,28,2TM,41,76,-9,-1,-0,4,-2,-8,-0.9,3,-5,-0.6,.478,.496,-1.1,0.3,-9,$505400,Purchased,/7D
655,Fernando Martinez*,24,HOU,11,35,-3,-0,0,-4,-1,-7,-0.8,1,-6,-0.6,.429,.495,-0.2,-0.5,-2,$493000,Waivers,/79D
656,Reid Brignac*,27,NYY,17,45,-7,0,-1,-1,1,-8,-0.8,2,-6,-0.7,.450,.495,-0.6,-0.0,-5,,Purchased,6
657,Austin Romine,24,NYY,60,148,-10,-0,-1,-3,3,-12,-1.2,5,-6,-0.7,.479,.492,-0.4,0.1,-3,,Amateur Draft,2
658,Don Kelly*,33,DET,112,251,-7,-1,1,-6,-2,-15,-1.5,9,-6,-0.7,.485,.490,-0.1,-0.8,-0,$900000,Amateur Draft,7859/D34
659,Josh Thole*,26,TOR,45,135,-10,-0,-0,-3,2,-11,-1.2,5,-6,-0.7,.473,.492,-0.4,-0.1,-3,$1250000,Traded,2/D3
660,Derek Jeter,39,NYY,17,73,-4,0,-0,-5,0,-9,-1.0,3,-7,-0.7,.442,.494,-0.2,-0.5,-2,$17000000,Amateur Draft,6/D
661,Endy Chavez*,35,SEA,97,279,-7,-1,-1,-6,-2,-17,-1.7,10,-7,-0.8,.481,.489,-0.2,-0.8,-1,,Traded,987/D
662,Michael Taylor,27,OAK,9,25,-5,-0,-0,-3,-0,-8,-0.9,1,-7,-0.8,.400,.494,-0.5,-0.3,-4,,Traded,/97
663,Jamey Carroll,39,2TM,73,249,-15,-1,1,-2,1,-16,-1.7,9,-7,-0.8,.476,.493,-0.7,0.0,-5,$3750000,Free Agency,54/6D1
664,Andy Parrino#,27,OAK,14,36,-5,0,-0,-5,1,-9,-1.0,1,-8,-0.9,.428,.494,-0.3,-0.5,-3,$492500,Traded,/645
665,Darin Mastroianni,27,MIN,30,73,-6,-0,-0,-3,-1,-11,-1.1,3,-8,-0.9,.461,.493,-0.6,-0.4,-5,$500000,Waivers,7/984
666,Carlos Triunfel,23,SEA,17,47,-7,-1,-0,-3,1,-10,-1.0,2,-8,-0.9,.437,.493,-0.6,-0.2,-5,,Amateur Free Agent,6/45D
667,Jeff Francoeur,29,KCR,59,193,-11,0,-1,-1,-2,-15,-1.6,7,-8,-0.9,.472,.490,-0.9,-0.3,-7,$7500000,Free Agency,9/D
668,Maicer Izturis#,32,TOR,107,399,-15,-3,-0,-9,4,-23,-2.3,14,-9,-1.0,.477,.485,-0.1,-0.5,0,$3000000,Free Agency,456
669,Henry Blanco,41,2TM,50,150,-12,0,-1,-5,3,-15,-1.5,5,-9,-1.0,.468,.494,-0.5,-0.2,-4,$750000,Free Agency,2
670,Nolan Reimold,29,BAL,40,140,-7,-1,-0,-4,-3,-15,-1.6,5,-10,-1.1,.459,.490,-0.7,-0.7,-6,$1000000,Amateur Draft,D7
671,J.D. Martinez,25,HOU,86,310,-5,-2,-0,-11,-4,-23,-2.4,11,-12,-1.3,.471,.485,-0.2,-1.5,-1,,Amateur Draft,79D
672,Jimmy Paredes#,24,HOU,48,135,-11,-3,1,-3,-1,-17,-1.8,5,-12,-1.4,.461,.488,-1.1,-0.4,-9,,Traded,9/45
673,Eduardo Nunez,26,NYY,90,336,-6,1,1,-27,4,-27,-2.6,12,-14,-1.5,.469,.483,1.2,-2.3,12,$533300,Amateur Free Agent,65/4D
674,Paul Konerko,37,CHW,126,520,-14,-5,-2,-3,-9,-32,-3.3,19,-14,-1.5,.472,.478,-1.3,-1.2,-11,$13500000,Traded,3D
675,Mike Morse,31,2TM,88,337,-5,-2,-1,-16,-4,-29,-3.0,12,-17,-1.8,.465,.486,-0.2,-2.1,-1,$6750000,Traded,97/3D
676,Jeff Keppinger,33,CHW,117,451,-20,-2,-1,-10,-1,-35,-3.6,16,-18,-2.0,.468,.477,-1.1,-1.0,-9,$3500000,Free Agency,453D